source,qualified_name,kind,line,end_line
hexstrike_server.py,ModernVisualEngine,ClassDef,105,439
hexstrike_server.py,ModernVisualEngine.create_banner,FunctionDef,174,202
hexstrike_server.py,ModernVisualEngine.create_progress_bar,FunctionDef,205,220
hexstrike_server.py,ModernVisualEngine.render_progress_bar,FunctionDef,223,274
hexstrike_server.py,ModernVisualEngine.create_live_dashboard,FunctionDef,277,308
hexstrike_server.py,ModernVisualEngine.format_vulnerability_card,FunctionDef,311,333
hexstrike_server.py,ModernVisualEngine.format_error_card,FunctionDef,336,361
hexstrike_server.py,ModernVisualEngine.format_tool_status,FunctionDef,364,383
hexstrike_server.py,ModernVisualEngine.format_highlighted_text,FunctionDef,386,397
hexstrike_server.py,ModernVisualEngine.format_vulnerability_severity,FunctionDef,400,413
hexstrike_server.py,ModernVisualEngine.create_section_header,FunctionDef,416,423
hexstrike_server.py,ModernVisualEngine.format_command_execution,FunctionDef,426,439
hexstrike_server.py,TargetType,ClassDef,445,453
hexstrike_server.py,TechnologyStack,ClassDef,455,471
hexstrike_server.py,TargetProfile,ClassDef,474,510
hexstrike_server.py,TargetProfile.to_dict,FunctionDef,492,510
hexstrike_server.py,AttackStep,ClassDef,513,520
hexstrike_server.py,AttackChain,ClassDef,522,570
hexstrike_server.py,AttackChain.__init__,FunctionDef,524,530
hexstrike_server.py,AttackChain.add_step,FunctionDef,532,536
hexstrike_server.py,AttackChain.calculate_success_probability,FunctionDef,538,549
hexstrike_server.py,AttackChain.to_dict,FunctionDef,551,570
hexstrike_server.py,IntelligentDecisionEngine,ClassDef,572,1542
hexstrike_server.py,IntelligentDecisionEngine.__init__,FunctionDef,575,579
hexstrike_server.py,IntelligentDecisionEngine._initialize_tool_effectiveness,FunctionDef,581,667
hexstrike_server.py,IntelligentDecisionEngine._initialize_technology_signatures,FunctionDef,669,696
hexstrike_server.py,IntelligentDecisionEngine._initialize_attack_patterns,FunctionDef,698,809
hexstrike_server.py,IntelligentDecisionEngine.analyze_target,FunctionDef,811,836
hexstrike_server.py,IntelligentDecisionEngine._determine_target_type,FunctionDef,838,863
hexstrike_server.py,IntelligentDecisionEngine._resolve_domain,FunctionDef,865,878
hexstrike_server.py,IntelligentDecisionEngine._detect_technologies,FunctionDef,880,897
hexstrike_server.py,IntelligentDecisionEngine._detect_cms,FunctionDef,899,910
hexstrike_server.py,IntelligentDecisionEngine._calculate_attack_surface,FunctionDef,912,940
hexstrike_server.py,IntelligentDecisionEngine._determine_risk_level,FunctionDef,942,953
hexstrike_server.py,IntelligentDecisionEngine._calculate_confidence,FunctionDef,955,969
hexstrike_server.py,IntelligentDecisionEngine.select_optimal_tools,FunctionDef,971,1001
hexstrike_server.py,IntelligentDecisionEngine.optimize_parameters,FunctionDef,1003,1060
hexstrike_server.py,IntelligentDecisionEngine.enable_advanced_optimization,FunctionDef,1062,1064
hexstrike_server.py,IntelligentDecisionEngine.disable_advanced_optimization,FunctionDef,1066,1068
hexstrike_server.py,IntelligentDecisionEngine._optimize_nmap_params,FunctionDef,1070,1087
hexstrike_server.py,IntelligentDecisionEngine._optimize_gobuster_params,FunctionDef,1089,1109
hexstrike_server.py,IntelligentDecisionEngine._optimize_nuclei_params,FunctionDef,1111,1134
hexstrike_server.py,IntelligentDecisionEngine._optimize_sqlmap_params,FunctionDef,1136,1152
hexstrike_server.py,IntelligentDecisionEngine._optimize_ffuf_params,FunctionDef,1154,1170
hexstrike_server.py,IntelligentDecisionEngine._optimize_hydra_params,FunctionDef,1172,1189
hexstrike_server.py,IntelligentDecisionEngine._optimize_rustscan_params,FunctionDef,1191,1213
hexstrike_server.py,IntelligentDecisionEngine._optimize_masscan_params,FunctionDef,1215,1232
hexstrike_server.py,IntelligentDecisionEngine._optimize_nmap_advanced_params,FunctionDef,1234,1259
hexstrike_server.py,IntelligentDecisionEngine._optimize_enum4linux_ng_params,FunctionDef,1261,1279
hexstrike_server.py,IntelligentDecisionEngine._optimize_autorecon_params,FunctionDef,1281,1296
hexstrike_server.py,IntelligentDecisionEngine._optimize_ghidra_params,FunctionDef,1298,1314
hexstrike_server.py,IntelligentDecisionEngine._optimize_pwntools_params,FunctionDef,1316,1328
hexstrike_server.py,IntelligentDecisionEngine._optimize_ropper_params,FunctionDef,1330,1349
hexstrike_server.py,IntelligentDecisionEngine._optimize_angr_params,FunctionDef,1351,1369
hexstrike_server.py,IntelligentDecisionEngine._optimize_prowler_params,FunctionDef,1371,1389
hexstrike_server.py,IntelligentDecisionEngine._optimize_scout_suite_params,FunctionDef,1391,1406
hexstrike_server.py,IntelligentDecisionEngine._optimize_kube_hunter_params,FunctionDef,1408,1424
hexstrike_server.py,IntelligentDecisionEngine._optimize_trivy_params,FunctionDef,1426,1444
hexstrike_server.py,IntelligentDecisionEngine._optimize_checkov_params,FunctionDef,1446,1460
hexstrike_server.py,IntelligentDecisionEngine.create_attack_chain,FunctionDef,1462,1542
hexstrike_server.py,ErrorType,ClassDef,1558,1570
hexstrike_server.py,RecoveryAction,ClassDef,1572,1580
hexstrike_server.py,ErrorContext,ClassDef,1583,1594
hexstrike_server.py,RecoveryStrategy,ClassDef,1597,1604
hexstrike_server.py,IntelligentErrorHandler,ClassDef,1606,2199
hexstrike_server.py,IntelligentErrorHandler.__init__,FunctionDef,1609,1615
hexstrike_server.py,IntelligentErrorHandler._initialize_error_patterns,FunctionDef,1617,1659
hexstrike_server.py,IntelligentErrorHandler._initialize_recovery_strategies,FunctionDef,1661,1870
hexstrike_server.py,IntelligentErrorHandler._initialize_tool_alternatives,FunctionDef,1872,1929
hexstrike_server.py,IntelligentErrorHandler._initialize_parameter_adjustments,FunctionDef,1931,1959
hexstrike_server.py,IntelligentErrorHandler.classify_error,FunctionDef,1961,1981
hexstrike_server.py,IntelligentErrorHandler.handle_tool_failure,FunctionDef,1983,2013
hexstrike_server.py,IntelligentErrorHandler._select_best_strategy,FunctionDef,2015,2043
hexstrike_server.py,IntelligentErrorHandler.auto_adjust_parameters,FunctionDef,2045,2065
hexstrike_server.py,IntelligentErrorHandler.get_alternative_tool,FunctionDef,2067,2087
hexstrike_server.py,IntelligentErrorHandler.escalate_to_human,FunctionDef,2089,2112
hexstrike_server.py,IntelligentErrorHandler._get_human_suggestions,FunctionDef,2114,2145
hexstrike_server.py,IntelligentErrorHandler._get_system_resources,FunctionDef,2147,2158
hexstrike_server.py,IntelligentErrorHandler._add_to_history,FunctionDef,2160,2166
hexstrike_server.py,IntelligentErrorHandler.get_error_statistics,FunctionDef,2168,2199
hexstrike_server.py,GracefulDegradation,ClassDef,2201,2427
hexstrike_server.py,GracefulDegradation.__init__,FunctionDef,2204,2206
hexstrike_server.py,GracefulDegradation._initialize_fallback_chains,FunctionDef,2208,2236
hexstrike_server.py,GracefulDegradation._initialize_critical_operations,FunctionDef,2238,2245
hexstrike_server.py,GracefulDegradation.create_fallback_chain,FunctionDef,2247,2271
hexstrike_server.py,GracefulDegradation.handle_partial_failure,FunctionDef,2273,2305
hexstrike_server.py,GracefulDegradation._basic_port_check,FunctionDef,2307,2326
hexstrike_server.py,GracefulDegradation._basic_directory_check,FunctionDef,2328,2345
hexstrike_server.py,GracefulDegradation._basic_security_check,FunctionDef,2347,2383
hexstrike_server.py,GracefulDegradation._get_manual_recommendations,FunctionDef,2385,2423
hexstrike_server.py,GracefulDegradation.is_critical_operation,FunctionDef,2425,2427
hexstrike_server.py,BugBountyTarget,ClassDef,2438,2445
hexstrike_server.py,BugBountyWorkflowManager,ClassDef,2447,2697
hexstrike_server.py,BugBountyWorkflowManager.__init__,FunctionDef,2450,2471
hexstrike_server.py,BugBountyWorkflowManager.create_reconnaissance_workflow,FunctionDef,2473,2542
hexstrike_server.py,BugBountyWorkflowManager.create_vulnerability_hunting_workflow,FunctionDef,2544,2575
hexstrike_server.py,BugBountyWorkflowManager._get_test_scenarios,FunctionDef,2577,2607
hexstrike_server.py,BugBountyWorkflowManager.create_business_logic_testing_workflow,FunctionDef,2609,2653
hexstrike_server.py,BugBountyWorkflowManager.create_osint_workflow,FunctionDef,2655,2697
hexstrike_server.py,FileUploadTestingFramework,ClassDef,2699,2773
hexstrike_server.py,FileUploadTestingFramework.__init__,FunctionDef,2702,2717
hexstrike_server.py,FileUploadTestingFramework.generate_test_files,FunctionDef,2719,2738
hexstrike_server.py,FileUploadTestingFramework.create_upload_testing_workflow,FunctionDef,2740,2773
hexstrike_server.py,CTFChallenge,ClassDef,2784,2793
hexstrike_server.py,CTFWorkflowManager,ClassDef,2795,3490
hexstrike_server.py,CTFWorkflowManager.__init__,FunctionDef,2798,2893
hexstrike_server.py,CTFWorkflowManager.create_ctf_challenge_workflow,FunctionDef,2895,2974
hexstrike_server.py,CTFWorkflowManager._select_tools_for_challenge,FunctionDef,2976,3026
hexstrike_server.py,CTFWorkflowManager._create_category_workflow,FunctionDef,3028,3080
hexstrike_server.py,CTFWorkflowManager.create_ctf_team_strategy,FunctionDef,3082,3129
hexstrike_server.py,CTFWorkflowManager._generate_fallback_strategies,FunctionDef,3131,3184
hexstrike_server.py,CTFWorkflowManager._analyze_description_complexity,FunctionDef,3186,3214
hexstrike_server.py,CTFWorkflowManager._create_advanced_category_workflow,FunctionDef,3216,3296
hexstrike_server.py,CTFWorkflowManager._identify_parallel_tasks,FunctionDef,3298,3338
hexstrike_server.py,CTFWorkflowManager._calculate_resource_requirements,FunctionDef,3340,3379
hexstrike_server.py,CTFWorkflowManager._predict_expected_artifacts,FunctionDef,3381,3438
hexstrike_server.py,CTFWorkflowManager._create_validation_steps,FunctionDef,3440,3490
hexstrike_server.py,CTFToolManager,ClassDef,3492,3849
hexstrike_server.py,CTFToolManager.__init__,FunctionDef,3495,3699
hexstrike_server.py,CTFToolManager.get_tool_command,FunctionDef,3701,3732
hexstrike_server.py,CTFToolManager.get_category_tools,FunctionDef,3734,3736
hexstrike_server.py,CTFToolManager.suggest_tools_for_challenge,FunctionDef,3738,3849
hexstrike_server.py,CTFChallengeAutomator,ClassDef,3855,4070
hexstrike_server.py,CTFChallengeAutomator.__init__,FunctionDef,3858,3862
hexstrike_server.py,CTFChallengeAutomator.auto_solve_challenge,FunctionDef,3864,3917
hexstrike_server.py,CTFChallengeAutomator._execute_parallel_step,FunctionDef,3919,3947
hexstrike_server.py,CTFChallengeAutomator._execute_sequential_step,FunctionDef,3949,3981
hexstrike_server.py,CTFChallengeAutomator._extract_flag_candidates,FunctionDef,3983,4001
hexstrike_server.py,CTFChallengeAutomator._validate_flag_format,FunctionDef,4003,4017
hexstrike_server.py,CTFChallengeAutomator._generate_manual_guidance,FunctionDef,4019,4070
hexstrike_server.py,CTFTeamCoordinator,ClassDef,4072,4217
hexstrike_server.py,CTFTeamCoordinator.__init__,FunctionDef,4075,4079
hexstrike_server.py,CTFTeamCoordinator.optimize_team_strategy,FunctionDef,4081,4153
hexstrike_server.py,CTFTeamCoordinator._estimate_solve_time,FunctionDef,4155,4171
hexstrike_server.py,CTFTeamCoordinator._assign_challenges_optimally,FunctionDef,4173,4196
hexstrike_server.py,CTFTeamCoordinator._identify_collaboration_opportunities,FunctionDef,4198,4217
hexstrike_server.py,TechnologyDetector,ClassDef,4223,4342
hexstrike_server.py,TechnologyDetector.__init__,FunctionDef,4226,4300
hexstrike_server.py,TechnologyDetector.detect_technologies,FunctionDef,4302,4342
hexstrike_server.py,RateLimitDetector,ClassDef,4344,4447
hexstrike_server.py,RateLimitDetector.__init__,FunctionDef,4347,4365
hexstrike_server.py,RateLimitDetector.detect_rate_limiting,FunctionDef,4367,4404
hexstrike_server.py,RateLimitDetector._recommend_timing_profile,FunctionDef,4406,4415
hexstrike_server.py,RateLimitDetector.adjust_timing,FunctionDef,4417,4447
hexstrike_server.py,FailureRecoverySystem,ClassDef,4449,4542
hexstrike_server.py,FailureRecoverySystem.__init__,FunctionDef,4452,4471
hexstrike_server.py,FailureRecoverySystem.analyze_failure,FunctionDef,4473,4535
hexstrike_server.py,FailureRecoverySystem._extract_tool_name,FunctionDef,4537,4542
hexstrike_server.py,PerformanceMonitor,ClassDef,4544,4633
hexstrike_server.py,PerformanceMonitor.__init__,FunctionDef,4547,4577
hexstrike_server.py,PerformanceMonitor.monitor_system_resources,FunctionDef,4579,4597
hexstrike_server.py,PerformanceMonitor.optimize_based_on_resources,FunctionDef,4599,4633
hexstrike_server.py,ParameterOptimizer,ClassDef,4635,4871
hexstrike_server.py,ParameterOptimizer.__init__,FunctionDef,4638,4700
hexstrike_server.py,ParameterOptimizer.optimize_parameters_advanced,FunctionDef,4702,4738
hexstrike_server.py,ParameterOptimizer._get_base_parameters,FunctionDef,4740,4769
hexstrike_server.py,ParameterOptimizer._apply_technology_optimizations,FunctionDef,4771,4823
hexstrike_server.py,ParameterOptimizer._apply_profile_optimizations,FunctionDef,4825,4844
hexstrike_server.py,ParameterOptimizer.handle_tool_failure,FunctionDef,4846,4871
hexstrike_server.py,ProcessPool,ClassDef,4877,5083
hexstrike_server.py,ProcessPool.__init__,FunctionDef,4880,4902
hexstrike_server.py,ProcessPool.submit_task,FunctionDef,4904,4920
hexstrike_server.py,ProcessPool.get_task_result,FunctionDef,4922,4930
hexstrike_server.py,ProcessPool._worker_thread,FunctionDef,4932,5005
hexstrike_server.py,ProcessPool._monitor_performance,FunctionDef,5007,5050
hexstrike_server.py,ProcessPool._scale_up,FunctionDef,5052,5059
hexstrike_server.py,ProcessPool._scale_down,FunctionDef,5061,5070
hexstrike_server.py,ProcessPool.get_pool_stats,FunctionDef,5072,5083
hexstrike_server.py,AdvancedCache,ClassDef,5085,5206
hexstrike_server.py,AdvancedCache.__init__,FunctionDef,5088,5100
hexstrike_server.py,AdvancedCache.get,FunctionDef,5102,5120
hexstrike_server.py,AdvancedCache.set,FunctionDef,5122,5138
hexstrike_server.py,AdvancedCache.delete,FunctionDef,5140,5146
hexstrike_server.py,AdvancedCache.clear,FunctionDef,5148,5153
hexstrike_server.py,AdvancedCache._remove_key,FunctionDef,5155,5159
hexstrike_server.py,AdvancedCache._evict_lru,FunctionDef,5161,5169
hexstrike_server.py,AdvancedCache._cleanup_expired,FunctionDef,5171,5191
hexstrike_server.py,AdvancedCache.get_stats,FunctionDef,5193,5206
hexstrike_server.py,EnhancedProcessManager,ClassDef,5208,5421
hexstrike_server.py,EnhancedProcessManager.__init__,FunctionDef,5211,5234
hexstrike_server.py,EnhancedProcessManager.execute_command_async,FunctionDef,5236,5255
hexstrike_server.py,EnhancedProcessManager._execute_command_internal,FunctionDef,5257,5334
hexstrike_server.py,EnhancedProcessManager.get_task_result,FunctionDef,5336,5338
hexstrike_server.py,EnhancedProcessManager.terminate_process_gracefully,FunctionDef,5340,5368
hexstrike_server.py,EnhancedProcessManager._monitor_system,FunctionDef,5370,5387
hexstrike_server.py,EnhancedProcessManager._auto_scale_based_on_resources,FunctionDef,5389,5409
hexstrike_server.py,EnhancedProcessManager.get_comprehensive_stats,FunctionDef,5411,5421
hexstrike_server.py,ResourceMonitor,ClassDef,5423,5501
hexstrike_server.py,ResourceMonitor.__init__,FunctionDef,5426,5429
hexstrike_server.py,ResourceMonitor.get_current_usage,FunctionDef,5431,5469
hexstrike_server.py,ResourceMonitor.get_process_usage,FunctionDef,5471,5483
hexstrike_server.py,ResourceMonitor.get_usage_trends,FunctionDef,5485,5501
hexstrike_server.py,PerformanceDashboard,ClassDef,5503,5552
hexstrike_server.py,PerformanceDashboard.__init__,FunctionDef,5506,5510
hexstrike_server.py,PerformanceDashboard.record_execution,FunctionDef,5512,5525
hexstrike_server.py,PerformanceDashboard.update_system_metrics,FunctionDef,5527,5532
hexstrike_server.py,PerformanceDashboard.get_summary,FunctionDef,5534,5552
hexstrike_server.py,ProcessManager,ClassDef,5576,5703
hexstrike_server.py,ProcessManager.register_process,FunctionDef,5580,5593
hexstrike_server.py,ProcessManager.update_process_progress,FunctionDef,5596,5611
hexstrike_server.py,ProcessManager.terminate_process,FunctionDef,5614,5633
hexstrike_server.py,ProcessManager.cleanup_process,FunctionDef,5636,5643
hexstrike_server.py,ProcessManager.get_process_status,FunctionDef,5646,5649
hexstrike_server.py,ProcessManager.list_active_processes,FunctionDef,5652,5655
hexstrike_server.py,ProcessManager.pause_process,FunctionDef,5658,5671
hexstrike_server.py,ProcessManager.resume_process,FunctionDef,5674,5687
hexstrike_server.py,PythonEnvironmentManager,ClassDef,5705,5741
hexstrike_server.py,PythonEnvironmentManager.__init__,FunctionDef,5708,5710
hexstrike_server.py,PythonEnvironmentManager.create_venv,FunctionDef,5712,5718
hexstrike_server.py,PythonEnvironmentManager.install_package,FunctionDef,5720,5736
hexstrike_server.py,PythonEnvironmentManager.get_python_path,FunctionDef,5738,5741
hexstrike_server.py,CVEIntelligenceManager,ClassDef,5750,6612
hexstrike_server.py,CVEIntelligenceManager.__init__,FunctionDef,5753,5756
hexstrike_server.py,CVEIntelligenceManager.create_banner,FunctionDef,5759,5761
hexstrike_server.py,CVEIntelligenceManager.render_progress_bar,FunctionDef,5764,5807
hexstrike_server.py,CVEIntelligenceManager.render_vulnerability_card,FunctionDef,5810,5844
hexstrike_server.py,CVEIntelligenceManager.create_live_dashboard,FunctionDef,5847,5887
hexstrike_server.py,CVEIntelligenceManager.format_tool_output,FunctionDef,5890,5926
hexstrike_server.py,CVEIntelligenceManager.create_summary_report,FunctionDef,5929,5953
hexstrike_server.py,CVEIntelligenceManager.fetch_latest_cves,FunctionDef,5955,6157
hexstrike_server.py,CVEIntelligenceManager.analyze_cve_exploitability,FunctionDef,6159,6395
hexstrike_server.py,CVEIntelligenceManager.search_existing_exploits,FunctionDef,6397,6612
hexstrike_server.py,ColoredFormatter,ClassDef,6615,6640
hexstrike_server.py,ColoredFormatter.format,FunctionDef,6634,6640
hexstrike_server.py,setup_logging,FunctionDef,6643,6660
hexstrike_server.py,HexStrikeCache,ClassDef,6668,6731
hexstrike_server.py,HexStrikeCache.__init__,FunctionDef,6671,6675
hexstrike_server.py,HexStrikeCache._generate_key,FunctionDef,6677,6680
hexstrike_server.py,HexStrikeCache._is_expired,FunctionDef,6682,6684
hexstrike_server.py,HexStrikeCache.get,FunctionDef,6686,6704
hexstrike_server.py,HexStrikeCache.set,FunctionDef,6706,6717
hexstrike_server.py,HexStrikeCache.get_stats,FunctionDef,6719,6731
hexstrike_server.py,TelemetryCollector,ClassDef,6736,6778
hexstrike_server.py,TelemetryCollector.__init__,FunctionDef,6739,6746
hexstrike_server.py,TelemetryCollector.record_execution,FunctionDef,6748,6755
hexstrike_server.py,TelemetryCollector.get_system_metrics,FunctionDef,6757,6764
hexstrike_server.py,TelemetryCollector.get_stats,FunctionDef,6766,6778
hexstrike_server.py,EnhancedCommandExecutor,ClassDef,6783,7003
hexstrike_server.py,EnhancedCommandExecutor.__init__,FunctionDef,6786,6797
hexstrike_server.py,EnhancedCommandExecutor._read_stdout,FunctionDef,6799,6808
hexstrike_server.py,EnhancedCommandExecutor._read_stderr,FunctionDef,6810,6819
hexstrike_server.py,EnhancedCommandExecutor._show_progress,FunctionDef,6821,6866
hexstrike_server.py,EnhancedCommandExecutor.execute,FunctionDef,6868,7003
hexstrike_server.py,AIExploitGenerator,ClassDef,7027,8508
hexstrike_server.py,AIExploitGenerator.__init__,FunctionDef,7030,7159
hexstrike_server.py,AIExploitGenerator.generate_exploit_from_cve,FunctionDef,7161,7213
hexstrike_server.py,AIExploitGenerator._classify_vulnerability,FunctionDef,7215,7228
hexstrike_server.py,AIExploitGenerator._select_template,FunctionDef,7230,7239
hexstrike_server.py,AIExploitGenerator._generate_exploit_parameters,FunctionDef,7241,7267
hexstrike_server.py,AIExploitGenerator._apply_evasion_techniques,FunctionDef,7269,7281
hexstrike_server.py,AIExploitGenerator._advanced_obfuscation,FunctionDef,7283,7291
hexstrike_server.py,AIExploitGenerator._analyze_vulnerability_details,FunctionDef,7293,7375
hexstrike_server.py,AIExploitGenerator._generate_sql_injection_exploit,FunctionDef,7377,7506
hexstrike_server.py,AIExploitGenerator._generate_xss_exploit,FunctionDef,7508,7624
hexstrike_server.py,AIExploitGenerator._generate_file_read_exploit,FunctionDef,7626,7771
hexstrike_server.py,AIExploitGenerator._generate_intelligent_generic_exploit,FunctionDef,7773,7880
hexstrike_server.py,AIExploitGenerator._generate_specific_instructions,FunctionDef,7882,7950
hexstrike_server.py,AIExploitGenerator._generate_rce_exploit,FunctionDef,7952,8078
hexstrike_server.py,AIExploitGenerator._generate_xxe_exploit,FunctionDef,8080,8165
hexstrike_server.py,AIExploitGenerator._generate_deserialization_exploit,FunctionDef,8167,8251
hexstrike_server.py,AIExploitGenerator._generate_auth_bypass_exploit,FunctionDef,8253,8364
hexstrike_server.py,AIExploitGenerator._generate_buffer_overflow_exploit,FunctionDef,8366,8480
hexstrike_server.py,AIExploitGenerator._generate_usage_instructions,FunctionDef,8482,8508
hexstrike_server.py,VulnerabilityCorrelator,ClassDef,8510,8629
hexstrike_server.py,VulnerabilityCorrelator.__init__,FunctionDef,8513,8527
hexstrike_server.py,VulnerabilityCorrelator.find_attack_chains,FunctionDef,8529,8593
hexstrike_server.py,VulnerabilityCorrelator._find_vulnerabilities_by_pattern,FunctionDef,8595,8613
hexstrike_server.py,VulnerabilityCorrelator._generate_chain_recommendations,FunctionDef,8615,8629
hexstrike_server.py,execute_command,FunctionDef,8636,8662
hexstrike_server.py,execute_command_with_recovery,FunctionDef,8664,8877
hexstrike_server.py,_rebuild_command_with_params,FunctionDef,8879,8902
hexstrike_server.py,_determine_operation_type,FunctionDef,8904,8925
hexstrike_server.py,FileOperationsManager,ClassDef,8928,9016
hexstrike_server.py,FileOperationsManager.__init__,FunctionDef,8931,8934
hexstrike_server.py,FileOperationsManager.create_file,FunctionDef,8936,8957
hexstrike_server.py,FileOperationsManager.modify_file,FunctionDef,8959,8975
hexstrike_server.py,FileOperationsManager.delete_file,FunctionDef,8977,8994
hexstrike_server.py,FileOperationsManager.list_files,FunctionDef,8996,9016
hexstrike_server.py,health_check,FunctionDef,9024,9135
hexstrike_server.py,generic_command,FunctionDef,9138,9158
hexstrike_server.py,create_file,FunctionDef,9163,9178
hexstrike_server.py,modify_file,FunctionDef,9181,9196
hexstrike_server.py,delete_file,FunctionDef,9199,9212
hexstrike_server.py,list_files,FunctionDef,9215,9223
hexstrike_server.py,generate_payload,FunctionDef,9227,9265
hexstrike_server.py,cache_stats,FunctionDef,9269,9271
hexstrike_server.py,clear_cache,FunctionDef,9274,9279
hexstrike_server.py,get_telemetry,FunctionDef,9283,9285
hexstrike_server.py,list_processes,FunctionDef,9292,9315
hexstrike_server.py,get_process_status,FunctionDef,9318,9346
hexstrike_server.py,terminate_process,FunctionDef,9349,9368
hexstrike_server.py,pause_process,FunctionDef,9371,9390
hexstrike_server.py,resume_process,FunctionDef,9393,9412
hexstrike_server.py,process_dashboard,FunctionDef,9415,9465
hexstrike_server.py,create_vulnerability_card,FunctionDef,9468,9486
hexstrike_server.py,create_summary_report,FunctionDef,9489,9508
hexstrike_server.py,format_tool_output,FunctionDef,9511,9533
hexstrike_server.py,analyze_target,FunctionDef,9540,9564
hexstrike_server.py,select_optimal_tools,FunctionDef,9567,9599
hexstrike_server.py,optimize_tool_parameters,FunctionDef,9602,9635
hexstrike_server.py,create_attack_chain,FunctionDef,9638,9670
hexstrike_server.py,intelligent_smart_scan,FunctionDef,9673,9822
hexstrike_server.py,intelligent_smart_scan.execute_single_tool,FunctionDef,9702,9773
hexstrike_server.py,execute_nmap_scan,FunctionDef,9825,9842
hexstrike_server.py,execute_gobuster_scan,FunctionDef,9844,9857
hexstrike_server.py,execute_nuclei_scan,FunctionDef,9859,9876
hexstrike_server.py,execute_nikto_scan,FunctionDef,9878,9888
hexstrike_server.py,execute_sqlmap_scan,FunctionDef,9890,9900
hexstrike_server.py,execute_ffuf_scan,FunctionDef,9902,9918
hexstrike_server.py,execute_feroxbuster_scan,FunctionDef,9920,9932
hexstrike_server.py,execute_katana_scan,FunctionDef,9934,9944
hexstrike_server.py,execute_httpx_scan,FunctionDef,9946,9955
hexstrike_server.py,execute_wpscan_scan,FunctionDef,9957,9967
hexstrike_server.py,execute_dirsearch_scan,FunctionDef,9969,9979
hexstrike_server.py,execute_arjun_scan,FunctionDef,9981,9991
hexstrike_server.py,execute_paramspider_scan,FunctionDef,9993,10003
hexstrike_server.py,execute_dalfox_scan,FunctionDef,10005,10015
hexstrike_server.py,execute_amass_scan,FunctionDef,10017,10027
hexstrike_server.py,execute_subfinder_scan,FunctionDef,10029,10039
hexstrike_server.py,detect_technologies,FunctionDef,10042,10092
hexstrike_server.py,create_reconnaissance_workflow,FunctionDef,10099,10134
hexstrike_server.py,create_vulnerability_hunting_workflow,FunctionDef,10137,10170
hexstrike_server.py,create_business_logic_workflow,FunctionDef,10173,10201
hexstrike_server.py,create_osint_workflow,FunctionDef,10204,10231
hexstrike_server.py,create_file_upload_testing,FunctionDef,10234,10262
hexstrike_server.py,create_comprehensive_bugbounty_assessment,FunctionDef,10265,10321
hexstrike_server.py,nmap,FunctionDef,10328,10375
hexstrike_server.py,gobuster,FunctionDef,10378,10427
hexstrike_server.py,nuclei,FunctionDef,10430,10483
hexstrike_server.py,prowler,FunctionDef,10490,10531
hexstrike_server.py,trivy,FunctionDef,10534,10575
hexstrike_server.py,scout_suite,FunctionDef,10582,10619
hexstrike_server.py,cloudmapper,FunctionDef,10622,10652
hexstrike_server.py,pacu,FunctionDef,10655,10704
hexstrike_server.py,kube_hunter,FunctionDef,10707,10748
hexstrike_server.py,kube_bench,FunctionDef,10751,10784
hexstrike_server.py,docker_bench_security,FunctionDef,10787,10817
hexstrike_server.py,clair,FunctionDef,10820,10851
hexstrike_server.py,falco,FunctionDef,10854,10884
hexstrike_server.py,checkov,FunctionDef,10887,10921
hexstrike_server.py,terrascan,FunctionDef,10924,10955
hexstrike_server.py,dirb,FunctionDef,10958,10985
hexstrike_server.py,nikto,FunctionDef,10988,11014
hexstrike_server.py,sqlmap,FunctionDef,11017,11047
hexstrike_server.py,metasploit,FunctionDef,11050,11091
hexstrike_server.py,hydra,FunctionDef,11094,11143
hexstrike_server.py,john,FunctionDef,11146,11182
hexstrike_server.py,wpscan,FunctionDef,11185,11211
hexstrike_server.py,enum4linux,FunctionDef,11214,11237
hexstrike_server.py,ffuf,FunctionDef,11240,11280
hexstrike_server.py,netexec,FunctionDef,11283,11326
hexstrike_server.py,amass,FunctionDef,11329,11361
hexstrike_server.py,hashcat,FunctionDef,11364,11405
hexstrike_server.py,subfinder,FunctionDef,11408,11442
hexstrike_server.py,smbmap,FunctionDef,11445,11483
hexstrike_server.py,rustscan,FunctionDef,11490,11523
hexstrike_server.py,masscan,FunctionDef,11526,11566
hexstrike_server.py,nmap_advanced,FunctionDef,11569,11621
hexstrike_server.py,autorecon,FunctionDef,11624,11657
hexstrike_server.py,enum4linux_ng,FunctionDef,11660,11712
hexstrike_server.py,rpcclient,FunctionDef,11715,11756
hexstrike_server.py,nbtscan,FunctionDef,11759,11788
hexstrike_server.py,arp_scan,FunctionDef,11791,11825
hexstrike_server.py,responder,FunctionDef,11828,11867
hexstrike_server.py,volatility,FunctionDef,11870,11909
hexstrike_server.py,msfvenom,FunctionDef,11912,11954
hexstrike_server.py,gdb,FunctionDef,11961,12007
hexstrike_server.py,radare2,FunctionDef,12010,12050
hexstrike_server.py,binwalk,FunctionDef,12053,12085
hexstrike_server.py,ropgadget,FunctionDef,12088,12118
hexstrike_server.py,checksec,FunctionDef,12121,12143
hexstrike_server.py,xxd,FunctionDef,12146,12179
hexstrike_server.py,strings,FunctionDef,12182,12211
hexstrike_server.py,objdump,FunctionDef,12214,12248
hexstrike_server.py,ghidra,FunctionDef,12255,12292
hexstrike_server.py,pwntools,FunctionDef,12295,12367
hexstrike_server.py,one_gadget,FunctionDef,12370,12393
hexstrike_server.py,libc_database,FunctionDef,12396,12434
hexstrike_server.py,gdb_peda,FunctionDef,12437,12496
hexstrike_server.py,angr,FunctionDef,12499,12587
hexstrike_server.py,ropper,FunctionDef,12590,12634
hexstrike_server.py,pwninit,FunctionDef,12637,12671
hexstrike_server.py,feroxbuster,FunctionDef,12678,12706
hexstrike_server.py,dotdotpwn,FunctionDef,12709,12738
hexstrike_server.py,xsser,FunctionDef,12741,12771
hexstrike_server.py,wfuzz,FunctionDef,12774,12801
hexstrike_server.py,dirsearch,FunctionDef,12808,12837
hexstrike_server.py,katana,FunctionDef,12840,12875
hexstrike_server.py,gau,FunctionDef,12878,12912
hexstrike_server.py,waybackurls,FunctionDef,12915,12945
hexstrike_server.py,arjun,FunctionDef,12948,12984
hexstrike_server.py,paramspider,FunctionDef,12987,13018
hexstrike_server.py,x8,FunctionDef,13021,13053
hexstrike_server.py,jaeles,FunctionDef,13056,13088
hexstrike_server.py,dalfox,FunctionDef,13091,13133
hexstrike_server.py,httpx,FunctionDef,13136,13183
hexstrike_server.py,anew,FunctionDef,13186,13212
hexstrike_server.py,qsreplace,FunctionDef,13215,13238
hexstrike_server.py,uro,FunctionDef,13241,13271
hexstrike_server.py,HTTPTestingFramework,ClassDef,13281,13621
hexstrike_server.py,HTTPTestingFramework.__init__,FunctionDef,13284,13293
hexstrike_server.py,HTTPTestingFramework.setup_proxy,FunctionDef,13295,13300
hexstrike_server.py,HTTPTestingFramework.intercept_request,FunctionDef,13302,13363
hexstrike_server.py,HTTPTestingFramework.set_match_replace_rules,FunctionDef,13366,13368
hexstrike_server.py,HTTPTestingFramework.set_scope,FunctionDef,13370,13371
hexstrike_server.py,HTTPTestingFramework._in_scope,FunctionDef,13373,13388
hexstrike_server.py,HTTPTestingFramework._apply_match_replace,FunctionDef,13390,13425
hexstrike_server.py,HTTPTestingFramework.send_custom_request,FunctionDef,13428,13435
hexstrike_server.py,HTTPTestingFramework.intruder_sniper,FunctionDef,13438,13488
hexstrike_server.py,HTTPTestingFramework._analyze_response_for_vulns,FunctionDef,13490,13550
hexstrike_server.py,HTTPTestingFramework._get_recent_vulns,FunctionDef,13552,13554
hexstrike_server.py,HTTPTestingFramework.spider_website,FunctionDef,13556,13621
hexstrike_server.py,BrowserAgent,ClassDef,13623,14033
hexstrike_server.py,BrowserAgent.__init__,FunctionDef,13626,13630
hexstrike_server.py,BrowserAgent.setup_browser,FunctionDef,13632,13670
hexstrike_server.py,BrowserAgent.navigate_and_inspect,FunctionDef,13672,13736
hexstrike_server.py,BrowserAgent._get_console_errors,FunctionDef,13739,13750
hexstrike_server.py,BrowserAgent._analyze_cookies,FunctionDef,13752,13760
hexstrike_server.py,BrowserAgent._analyze_security_headers,FunctionDef,13762,13784
hexstrike_server.py,BrowserAgent._detect_mixed_content,FunctionDef,13786,13797
hexstrike_server.py,BrowserAgent._extended_passive_analysis,FunctionDef,13799,13817
hexstrike_server.py,BrowserAgent.run_active_tests,FunctionDef,13819,13852
hexstrike_server.py,BrowserAgent._get_local_storage,FunctionDef,13854,13866
hexstrike_server.py,BrowserAgent._get_session_storage,FunctionDef,13868,13880
hexstrike_server.py,BrowserAgent._extract_forms,FunctionDef,13882,13906
hexstrike_server.py,BrowserAgent._extract_links,FunctionDef,13908,13923
hexstrike_server.py,BrowserAgent._extract_inputs,FunctionDef,13925,13940
hexstrike_server.py,BrowserAgent._extract_scripts,FunctionDef,13942,13961
hexstrike_server.py,BrowserAgent._get_network_logs,FunctionDef,13963,13982
hexstrike_server.py,BrowserAgent._analyze_page_security,FunctionDef,13984,14026
hexstrike_server.py,BrowserAgent.close_browser,FunctionDef,14028,14033
hexstrike_server.py,http_framework_endpoint,FunctionDef,14040,14133
hexstrike_server.py,browser_agent_endpoint,FunctionDef,14136,14222
hexstrike_server.py,burpsuite_alternative,FunctionDef,14225,14316
hexstrike_server.py,zap,FunctionDef,14319,14366
hexstrike_server.py,wafw00f,FunctionDef,14369,14395
hexstrike_server.py,fierce,FunctionDef,14398,14428
hexstrike_server.py,dnsenum,FunctionDef,14431,14465
hexstrike_server.py,install_python_package,FunctionDef,14469,14496
hexstrike_server.py,execute_python_script,FunctionDef,14499,14534
hexstrike_server.py,AIPayloadGenerator,ClassDef,14540,14744
hexstrike_server.py,AIPayloadGenerator.__init__,FunctionDef,14543,14615
hexstrike_server.py,AIPayloadGenerator.generate_contextual_payload,FunctionDef,14617,14640
hexstrike_server.py,AIPayloadGenerator._get_payloads,FunctionDef,14642,14651
hexstrike_server.py,AIPayloadGenerator._enhance_with_context,FunctionDef,14653,14675
hexstrike_server.py,AIPayloadGenerator._generate_test_cases,FunctionDef,14677,14691
hexstrike_server.py,AIPayloadGenerator._get_expected_behavior,FunctionDef,14693,14703
hexstrike_server.py,AIPayloadGenerator._assess_risk_level,FunctionDef,14705,14717
hexstrike_server.py,AIPayloadGenerator._get_recommendations,FunctionDef,14719,14744
hexstrike_server.py,ai_generate_payload,FunctionDef,14750,14777
hexstrike_server.py,ai_test_payload,FunctionDef,14780,14835
hexstrike_server.py,api_fuzzer,FunctionDef,14842,14896
hexstrike_server.py,graphql_scanner,FunctionDef,14899,15003
hexstrike_server.py,jwt_analyzer,FunctionDef,15006,15121
hexstrike_server.py,api_schema_analyzer,FunctionDef,15124,15229
hexstrike_server.py,volatility3,FunctionDef,15236,15273
hexstrike_server.py,foremost,FunctionDef,15276,15313
hexstrike_server.py,steghide,FunctionDef,15316,15362
hexstrike_server.py,exiftool,FunctionDef,15365,15401
hexstrike_server.py,hashpump,FunctionDef,15404,15433
hexstrike_server.py,hakrawler,FunctionDef,15440,15490
hexstrike_server.py,cve_monitor,FunctionDef,15497,15548
hexstrike_server.py,exploit_generate,FunctionDef,15551,15621
hexstrike_server.py,discover_attack_chains,FunctionDef,15624,15698
hexstrike_server.py,threat_intelligence_feeds,FunctionDef,15701,15833
hexstrike_server.py,zero_day_research,FunctionDef,15836,15972
hexstrike_server.py,advanced_payload_generation,FunctionDef,15975,16110
hexstrike_server.py,create_ctf_challenge_workflow,FunctionDef,16117,16154
hexstrike_server.py,auto_solve_ctf_challenge,FunctionDef,16157,16194
hexstrike_server.py,create_ctf_team_strategy,FunctionDef,16197,16234
hexstrike_server.py,suggest_ctf_tools,FunctionDef,16237,16271
hexstrike_server.py,ctf_cryptography_solver,FunctionDef,16274,16369
hexstrike_server.py,ctf_forensics_analyzer,FunctionDef,16372,16512
hexstrike_server.py,ctf_binary_analyzer,FunctionDef,16515,16688
hexstrike_server.py,execute_command_async,FunctionDef,16695,16719
hexstrike_server.py,get_async_task_result,FunctionDef,16722,16740
hexstrike_server.py,get_process_pool_stats,FunctionDef,16743,16757
hexstrike_server.py,get_cache_stats,FunctionDef,16760,16774
hexstrike_server.py,clear_process_cache,FunctionDef,16777,16791
hexstrike_server.py,get_resource_usage,FunctionDef,16794,16810
hexstrike_server.py,get_performance_dashboard,FunctionDef,16813,16843
hexstrike_server.py,terminate_process_gracefully,FunctionDef,16846,16872
hexstrike_server.py,configure_auto_scaling,FunctionDef,16875,16898
hexstrike_server.py,manual_scale_pool,FunctionDef,16901,16942
hexstrike_server.py,process_health_check,FunctionDef,16945,17034
hexstrike_server.py,get_error_statistics,FunctionDef,17045,17056
hexstrike_server.py,test_error_recovery,FunctionDef,17059,17102
hexstrike_server.py,get_fallback_chains,FunctionDef,17105,17130
hexstrike_server.py,execute_with_recovery_endpoint,FunctionDef,17133,17163
hexstrike_server.py,classify_error_endpoint,FunctionDef,17166,17195
hexstrike_server.py,get_parameter_adjustments,FunctionDef,17198,17228
hexstrike_server.py,get_alternative_tools,FunctionDef,17231,17251
hexstrike_mcp.py,HexStrikeColors,ClassDef,31,92
hexstrike_mcp.py,ColoredFormatter,ClassDef,97,122
hexstrike_mcp.py,ColoredFormatter.format,FunctionDef,116,122
hexstrike_mcp.py,HexStrikeClient,ClassDef,147,265
hexstrike_mcp.py,HexStrikeClient.__init__,FunctionDef,150,189
hexstrike_mcp.py,HexStrikeClient.safe_get,FunctionDef,192,218
hexstrike_mcp.py,HexStrikeClient.safe_post,FunctionDef,220,243
hexstrike_mcp.py,HexStrikeClient.execute_command,FunctionDef,245,256
hexstrike_mcp.py,HexStrikeClient.check_health,FunctionDef,258,265
hexstrike_mcp.py,setup_mcp_server,FunctionDef,267,5414
hexstrike_mcp.py,setup_mcp_server.nmap_scan,FunctionDef,284,324
hexstrike_mcp.py,setup_mcp_server.gobuster_scan,FunctionDef,327,368
hexstrike_mcp.py,setup_mcp_server.nuclei_scan,FunctionDef,371,415
hexstrike_mcp.py,setup_mcp_server.prowler_scan,FunctionDef,422,453
hexstrike_mcp.py,setup_mcp_server.trivy_scan,FunctionDef,456,485
hexstrike_mcp.py,setup_mcp_server.scout_suite_assessment,FunctionDef,492,523
hexstrike_mcp.py,setup_mcp_server.cloudmapper_analysis,FunctionDef,526,552
hexstrike_mcp.py,setup_mcp_server.pacu_exploitation,FunctionDef,555,584
hexstrike_mcp.py,setup_mcp_server.kube_hunter_scan,FunctionDef,587,620
hexstrike_mcp.py,setup_mcp_server.kube_bench_cis,FunctionDef,623,651
hexstrike_mcp.py,setup_mcp_server.docker_bench_security_scan,FunctionDef,654,681
hexstrike_mcp.py,setup_mcp_server.clair_vulnerability_scan,FunctionDef,684,710
hexstrike_mcp.py,setup_mcp_server.falco_runtime_monitoring,FunctionDef,713,742
hexstrike_mcp.py,setup_mcp_server.checkov_iac_scan,FunctionDef,745,776
hexstrike_mcp.py,setup_mcp_server.terrascan_iac_scan,FunctionDef,779,810
hexstrike_mcp.py,setup_mcp_server.create_file,FunctionDef,817,840
hexstrike_mcp.py,setup_mcp_server.modify_file,FunctionDef,843,866
hexstrike_mcp.py,setup_mcp_server.delete_file,FunctionDef,869,888
hexstrike_mcp.py,setup_mcp_server.list_files,FunctionDef,891,908
hexstrike_mcp.py,setup_mcp_server.generate_payload,FunctionDef,911,938
hexstrike_mcp.py,setup_mcp_server.install_python_package,FunctionDef,945,966
hexstrike_mcp.py,setup_mcp_server.execute_python_script,FunctionDef,969,994
hexstrike_mcp.py,setup_mcp_server.dirb_scan,FunctionDef,1001,1024
hexstrike_mcp.py,setup_mcp_server.nikto_scan,FunctionDef,1027,1048
hexstrike_mcp.py,setup_mcp_server.sqlmap_scan,FunctionDef,1051,1074
hexstrike_mcp.py,setup_mcp_server.metasploit_run,FunctionDef,1077,1098
hexstrike_mcp.py,setup_mcp_server.hydra_attack,FunctionDef,1101,1140
hexstrike_mcp.py,setup_mcp_server.john_crack,FunctionDef,1143,1173
hexstrike_mcp.py,setup_mcp_server.wpscan_analyze,FunctionDef,1176,1197
hexstrike_mcp.py,setup_mcp_server.enum4linux_scan,FunctionDef,1200,1221
hexstrike_mcp.py,setup_mcp_server.ffuf_scan,FunctionDef,1224,1251
hexstrike_mcp.py,setup_mcp_server.netexec_scan,FunctionDef,1254,1285
hexstrike_mcp.py,setup_mcp_server.amass_scan,FunctionDef,1288,1311
hexstrike_mcp.py,setup_mcp_server.hashcat_crack,FunctionDef,1314,1343
hexstrike_mcp.py,setup_mcp_server.subfinder_scan,FunctionDef,1346,1371
hexstrike_mcp.py,setup_mcp_server.smbmap_scan,FunctionDef,1374,1401
hexstrike_mcp.py,setup_mcp_server.rustscan_fast_scan,FunctionDef,1408,1441
hexstrike_mcp.py,setup_mcp_server.masscan_high_speed,FunctionDef,1444,1479
hexstrike_mcp.py,setup_mcp_server.nmap_advanced_scan,FunctionDef,1482,1522
hexstrike_mcp.py,setup_mcp_server.autorecon_comprehensive,FunctionDef,1525,1559
hexstrike_mcp.py,setup_mcp_server.enum4linux_ng_advanced,FunctionDef,1562,1600
hexstrike_mcp.py,setup_mcp_server.rpcclient_enumeration,FunctionDef,1603,1634
hexstrike_mcp.py,setup_mcp_server.nbtscan_netbios,FunctionDef,1637,1663
hexstrike_mcp.py,setup_mcp_server.arp_scan_discovery,FunctionDef,1666,1696
hexstrike_mcp.py,setup_mcp_server.responder_credential_harvest,FunctionDef,1699,1733
hexstrike_mcp.py,setup_mcp_server.volatility_analyze,FunctionDef,1736,1761
hexstrike_mcp.py,setup_mcp_server.msfvenom_generate,FunctionDef,1764,1793
hexstrike_mcp.py,setup_mcp_server.gdb_analyze,FunctionDef,1800,1825
hexstrike_mcp.py,setup_mcp_server.radare2_analyze,FunctionDef,1828,1851
hexstrike_mcp.py,setup_mcp_server.binwalk_analyze,FunctionDef,1854,1877
hexstrike_mcp.py,setup_mcp_server.ropgadget_search,FunctionDef,1880,1903
hexstrike_mcp.py,setup_mcp_server.checksec_analyze,FunctionDef,1906,1925
hexstrike_mcp.py,setup_mcp_server.xxd_hexdump,FunctionDef,1928,1953
hexstrike_mcp.py,setup_mcp_server.strings_extract,FunctionDef,1956,1979
hexstrike_mcp.py,setup_mcp_server.objdump_analyze,FunctionDef,1982,2005
hexstrike_mcp.py,setup_mcp_server.ghidra_analysis,FunctionDef,2012,2043
hexstrike_mcp.py,setup_mcp_server.pwntools_exploit,FunctionDef,2046,2077
hexstrike_mcp.py,setup_mcp_server.one_gadget_search,FunctionDef,2080,2103
hexstrike_mcp.py,setup_mcp_server.libc_database_lookup,FunctionDef,2106,2132
hexstrike_mcp.py,setup_mcp_server.gdb_peda_debug,FunctionDef,2135,2163
hexstrike_mcp.py,setup_mcp_server.angr_symbolic_execution,FunctionDef,2166,2197
hexstrike_mcp.py,setup_mcp_server.ropper_gadget_search,FunctionDef,2200,2231
hexstrike_mcp.py,setup_mcp_server.pwninit_setup,FunctionDef,2234,2262
hexstrike_mcp.py,setup_mcp_server.feroxbuster_scan,FunctionDef,2265,2290
hexstrike_mcp.py,setup_mcp_server.dotdotpwn_scan,FunctionDef,2293,2316
hexstrike_mcp.py,setup_mcp_server.xsser_scan,FunctionDef,2319,2342
hexstrike_mcp.py,setup_mcp_server.wfuzz_scan,FunctionDef,2345,2368
hexstrike_mcp.py,setup_mcp_server.dirsearch_scan,FunctionDef,2375,2406
hexstrike_mcp.py,setup_mcp_server.katana_crawl,FunctionDef,2409,2440
hexstrike_mcp.py,setup_mcp_server.gau_discovery,FunctionDef,2443,2472
hexstrike_mcp.py,setup_mcp_server.waybackurls_discovery,FunctionDef,2475,2501
hexstrike_mcp.py,setup_mcp_server.arjun_parameter_discovery,FunctionDef,2504,2537
hexstrike_mcp.py,setup_mcp_server.paramspider_mining,FunctionDef,2540,2569
hexstrike_mcp.py,setup_mcp_server.x8_parameter_discovery,FunctionDef,2572,2603
hexstrike_mcp.py,setup_mcp_server.jaeles_vulnerability_scan,FunctionDef,2606,2637
hexstrike_mcp.py,setup_mcp_server.dalfox_xss_scan,FunctionDef,2640,2673
hexstrike_mcp.py,setup_mcp_server.httpx_probe,FunctionDef,2676,2714
hexstrike_mcp.py,setup_mcp_server.anew_data_processing,FunctionDef,2717,2741
hexstrike_mcp.py,setup_mcp_server.qsreplace_parameter_replacement,FunctionDef,2744,2768
hexstrike_mcp.py,setup_mcp_server.uro_url_filtering,FunctionDef,2771,2797
hexstrike_mcp.py,setup_mcp_server.ai_generate_payload,FunctionDef,2804,2842
hexstrike_mcp.py,setup_mcp_server.ai_test_payload,FunctionDef,2845,2877
hexstrike_mcp.py,setup_mcp_server.ai_generate_attack_suite,FunctionDef,2880,2934
hexstrike_mcp.py,setup_mcp_server.api_fuzzer,FunctionDef,2941,2974
hexstrike_mcp.py,setup_mcp_server.graphql_scanner,FunctionDef,2977,3016
hexstrike_mcp.py,setup_mcp_server.jwt_analyzer,FunctionDef,3019,3055
hexstrike_mcp.py,setup_mcp_server.api_schema_analyzer,FunctionDef,3058,3100
hexstrike_mcp.py,setup_mcp_server.comprehensive_api_audit,FunctionDef,3103,3194
hexstrike_mcp.py,setup_mcp_server.volatility3_analyze,FunctionDef,3201,3226
hexstrike_mcp.py,setup_mcp_server.foremost_carving,FunctionDef,3229,3254
hexstrike_mcp.py,setup_mcp_server.steghide_analysis,FunctionDef,3257,3286
hexstrike_mcp.py,setup_mcp_server.exiftool_extract,FunctionDef,3289,3314
hexstrike_mcp.py,setup_mcp_server.hashpump_attack,FunctionDef,3317,3344
hexstrike_mcp.py,setup_mcp_server.hakrawler_crawl,FunctionDef,3351,3389
hexstrike_mcp.py,setup_mcp_server.httpx_probe,FunctionDef,3392,3425
hexstrike_mcp.py,setup_mcp_server.paramspider_discovery,FunctionDef,3428,3455
hexstrike_mcp.py,setup_mcp_server.burpsuite_scan,FunctionDef,3462,3495
hexstrike_mcp.py,setup_mcp_server.zap_scan,FunctionDef,3498,3533
hexstrike_mcp.py,setup_mcp_server.arjun_scan,FunctionDef,3536,3567
hexstrike_mcp.py,setup_mcp_server.wafw00f_scan,FunctionDef,3570,3591
hexstrike_mcp.py,setup_mcp_server.fierce_scan,FunctionDef,3594,3617
hexstrike_mcp.py,setup_mcp_server.dnsenum_scan,FunctionDef,3620,3645
hexstrike_mcp.py,setup_mcp_server.autorecon_scan,FunctionDef,3648,3783
hexstrike_mcp.py,setup_mcp_server.server_health,FunctionDef,3790,3803
hexstrike_mcp.py,setup_mcp_server.get_cache_stats,FunctionDef,3806,3817
hexstrike_mcp.py,setup_mcp_server.clear_cache,FunctionDef,3820,3833
hexstrike_mcp.py,setup_mcp_server.get_telemetry,FunctionDef,3836,3847
hexstrike_mcp.py,setup_mcp_server.list_active_processes,FunctionDef,3854,3867
hexstrike_mcp.py,setup_mcp_server.get_process_status,FunctionDef,3870,3886
hexstrike_mcp.py,setup_mcp_server.terminate_process,FunctionDef,3889,3905
hexstrike_mcp.py,setup_mcp_server.pause_process,FunctionDef,3908,3924
hexstrike_mcp.py,setup_mcp_server.resume_process,FunctionDef,3927,3943
hexstrike_mcp.py,setup_mcp_server.get_process_dashboard,FunctionDef,3946,3966
hexstrike_mcp.py,setup_mcp_server.execute_command,FunctionDef,3969,4006
hexstrike_mcp.py,setup_mcp_server.monitor_cve_feeds,FunctionDef,4013,4041
hexstrike_mcp.py,setup_mcp_server.generate_exploit_from_cve,FunctionDef,4044,4080
hexstrike_mcp.py,setup_mcp_server.discover_attack_chains,FunctionDef,4083,4114
hexstrike_mcp.py,setup_mcp_server.research_zero_day_opportunities,FunctionDef,4117,4151
hexstrike_mcp.py,setup_mcp_server.correlate_threat_intelligence,FunctionDef,4154,4197
hexstrike_mcp.py,setup_mcp_server.advanced_payload_generation,FunctionDef,4200,4245
hexstrike_mcp.py,setup_mcp_server.vulnerability_intelligence_dashboard,FunctionDef,4248,4299
hexstrike_mcp.py,setup_mcp_server.threat_hunting_assistant,FunctionDef,4302,4405
hexstrike_mcp.py,setup_mcp_server.get_live_dashboard,FunctionDef,4412,4425
hexstrike_mcp.py,setup_mcp_server.create_vulnerability_report,FunctionDef,4428,4479
hexstrike_mcp.py,setup_mcp_server.format_tool_output_visual,FunctionDef,4482,4508
hexstrike_mcp.py,setup_mcp_server.create_scan_summary,FunctionDef,4511,4544
hexstrike_mcp.py,setup_mcp_server.display_system_metrics,FunctionDef,4547,4589
hexstrike_mcp.py,setup_mcp_server.analyze_target_intelligence,FunctionDef,4596,4617
hexstrike_mcp.py,setup_mcp_server.select_optimal_tools_ai,FunctionDef,4620,4645
hexstrike_mcp.py,setup_mcp_server.optimize_tool_parameters_ai,FunctionDef,4648,4682
hexstrike_mcp.py,setup_mcp_server.create_attack_chain_ai,FunctionDef,4685,4714
hexstrike_mcp.py,setup_mcp_server.intelligent_smart_scan,FunctionDef,4717,4767
hexstrike_mcp.py,setup_mcp_server.detect_technologies_ai,FunctionDef,4770,4799
hexstrike_mcp.py,setup_mcp_server.ai_reconnaissance_workflow,FunctionDef,4802,4848
hexstrike_mcp.py,setup_mcp_server.ai_vulnerability_assessment,FunctionDef,4851,4904
hexstrike_mcp.py,setup_mcp_server.bugbounty_reconnaissance_workflow,FunctionDef,4911,4941
hexstrike_mcp.py,setup_mcp_server.bugbounty_vulnerability_hunting,FunctionDef,4944,4972
hexstrike_mcp.py,setup_mcp_server.bugbounty_business_logic_testing,FunctionDef,4975,5001
hexstrike_mcp.py,setup_mcp_server.bugbounty_osint_gathering,FunctionDef,5004,5026
hexstrike_mcp.py,setup_mcp_server.bugbounty_file_upload_testing,FunctionDef,5029,5051
hexstrike_mcp.py,setup_mcp_server.bugbounty_comprehensive_assessment,FunctionDef,5054,5089
hexstrike_mcp.py,setup_mcp_server.bugbounty_authentication_bypass_testing,FunctionDef,5092,5150
hexstrike_mcp.py,setup_mcp_server.http_framework_test,FunctionDef,5157,5195
hexstrike_mcp.py,setup_mcp_server.browser_agent_inspect,FunctionDef,5198,5242
hexstrike_mcp.py,setup_mcp_server.http_set_rules,FunctionDef,5246,5250
hexstrike_mcp.py,setup_mcp_server.http_set_scope,FunctionDef,5253,5256
hexstrike_mcp.py,setup_mcp_server.http_repeater,FunctionDef,5259,5262
hexstrike_mcp.py,setup_mcp_server.http_intruder,FunctionDef,5265,5279
hexstrike_mcp.py,setup_mcp_server.burpsuite_alternative_scan,FunctionDef,5282,5340
hexstrike_mcp.py,setup_mcp_server.error_handling_statistics,FunctionDef,5343,5371
hexstrike_mcp.py,setup_mcp_server.test_error_recovery,FunctionDef,5374,5412
hexstrike_mcp.py,parse_args,FunctionDef,5416,5424
hexstrike_mcp.py,main,FunctionDef,5426,5467
