source,line,handler,path,status,methods,input_fields
hexstrike_server.py,9024,health_check,/health,not_ported,GET,[]
hexstrike_server.py,9138,generic_command,/api/command,not_ported,POST,"[{""key"": ""'command'"", ""default"": ""''"", ""line"": 9142}, {""key"": ""'use_cache'"", ""default"": ""True"", ""line"": 9143}]"
hexstrike_server.py,9163,create_file,/api/files/create,not_ported,POST,"[{""key"": ""'filename'"", ""default"": ""''"", ""line"": 9167}, {""key"": ""'content'"", ""default"": ""''"", ""line"": 9168}, {""key"": ""'binary'"", ""default"": ""False"", ""line"": 9169}]"
hexstrike_server.py,9181,modify_file,/api/files/modify,not_ported,POST,"[{""key"": ""'filename'"", ""default"": ""''"", ""line"": 9185}, {""key"": ""'content'"", ""default"": ""''"", ""line"": 9186}, {""key"": ""'append'"", ""default"": ""False"", ""line"": 9187}]"
hexstrike_server.py,9199,delete_file,/api/files/delete,not_ported,DELETE,"[{""key"": ""'filename'"", ""default"": ""''"", ""line"": 9203}]"
hexstrike_server.py,9215,list_files,/api/files/list,not_ported,GET,"[{""key"": ""'directory'"", ""default"": ""'.'"", ""line"": 9218}]"
hexstrike_server.py,9227,generate_payload,/api/payloads/generate,not_ported,POST,"[{""key"": ""'type'"", ""default"": ""'buffer'"", ""line"": 9231}, {""key"": ""'size'"", ""default"": ""1024"", ""line"": 9232}, {""key"": ""'pattern'"", ""default"": ""'A'"", ""line"": 9233}, {""key"": ""'filename'"", ""default"": ""f'payload_{int(time.time())}'"", ""line"": 9234}]"
hexstrike_server.py,9269,cache_stats,/api/cache/stats,not_ported,GET,[]
hexstrike_server.py,9274,clear_cache,/api/cache/clear,not_ported,POST,[]
hexstrike_server.py,9283,get_telemetry,/api/telemetry,not_ported,GET,[]
hexstrike_server.py,9292,list_processes,/api/processes/list,not_ported,GET,[]
hexstrike_server.py,9318,get_process_status,/api/processes/status/<int:pid>,not_ported,GET,[]
hexstrike_server.py,9349,terminate_process,/api/processes/terminate/<int:pid>,not_ported,POST,[]
hexstrike_server.py,9371,pause_process,/api/processes/pause/<int:pid>,not_ported,POST,[]
hexstrike_server.py,9393,resume_process,/api/processes/resume/<int:pid>,not_ported,POST,[]
hexstrike_server.py,9415,process_dashboard,/api/processes/dashboard,not_ported,GET,[]
hexstrike_server.py,9468,create_vulnerability_card,/api/visual/vulnerability-card,not_ported,POST,[]
hexstrike_server.py,9489,create_summary_report,/api/visual/summary-report,not_ported,POST,[]
hexstrike_server.py,9511,format_tool_output,/api/visual/tool-output,not_ported,POST,[]
hexstrike_server.py,9540,analyze_target,/api/intelligence/analyze-target,not_ported,POST,[]
hexstrike_server.py,9567,select_optimal_tools,/api/intelligence/select-tools,not_ported,POST,[]
hexstrike_server.py,9602,optimize_tool_parameters,/api/intelligence/optimize-parameters,not_ported,POST,[]
hexstrike_server.py,9638,create_attack_chain,/api/intelligence/create-attack-chain,not_ported,POST,[]
hexstrike_server.py,9673,intelligent_smart_scan,/api/intelligence/smart-scan,not_ported,POST,[]
hexstrike_server.py,10042,detect_technologies,/api/intelligence/technology-detection,not_ported,POST,[]
hexstrike_server.py,10099,create_reconnaissance_workflow,/api/bugbounty/reconnaissance-workflow,not_ported,POST,[]
hexstrike_server.py,10137,create_vulnerability_hunting_workflow,/api/bugbounty/vulnerability-hunting-workflow,not_ported,POST,[]
hexstrike_server.py,10173,create_business_logic_workflow,/api/bugbounty/business-logic-workflow,not_ported,POST,[]
hexstrike_server.py,10204,create_osint_workflow,/api/bugbounty/osint-workflow,not_ported,POST,[]
hexstrike_server.py,10234,create_file_upload_testing,/api/bugbounty/file-upload-testing,not_ported,POST,[]
hexstrike_server.py,10265,create_comprehensive_bugbounty_assessment,/api/bugbounty/comprehensive-assessment,not_ported,POST,[]
hexstrike_server.py,10328,nmap,/api/tools/nmap,not_ported,POST,"[{""key"": ""'target'"", ""default"": ""''"", ""line"": 10332}, {""key"": ""'scan_type'"", ""default"": ""'-sCV'"", ""line"": 10333}, {""key"": ""'ports'"", ""default"": ""''"", ""line"": 10334}, {""key"": ""'additional_args'"", ""default"": ""'-T4 -Pn'"", ""line"": 10335}, {""key"": ""'use_recovery'"", ""default"": ""True"", ""line"": 10336}]"
hexstrike_server.py,10378,gobuster,/api/tools/gobuster,not_ported,POST,"[{""key"": ""'url'"", ""default"": ""''"", ""line"": 10382}, {""key"": ""'mode'"", ""default"": ""'dir'"", ""line"": 10383}, {""key"": ""'wordlist'"", ""default"": ""'/usr/share/wordlists/dirb/common.txt'"", ""line"": 10384}, {""key"": ""'additional_args'"", ""default"": ""''"", ""line"": 10385}, {""key"": ""'use_recovery'"", ""default"": ""True"", ""line"": 10386}]"
hexstrike_server.py,10430,nuclei,/api/tools/nuclei,not_ported,POST,"[{""key"": ""'target'"", ""default"": ""''"", ""line"": 10434}, {""key"": ""'severity'"", ""default"": ""''"", ""line"": 10435}, {""key"": ""'tags'"", ""default"": ""''"", ""line"": 10436}, {""key"": ""'template'"", ""default"": ""''"", ""line"": 10437}, {""key"": ""'additional_args'"", ""default"": ""''"", ""line"": 10438}, {""key"": ""'use_recovery'"", ""default"": ""True"", ""line"": 10439}]"
hexstrike_server.py,10490,prowler,/api/tools/prowler,not_ported,POST,"[{""key"": ""'provider'"", ""default"": ""'aws'"", ""line"": 10494}, {""key"": ""'profile'"", ""default"": ""'default'"", ""line"": 10495}, {""key"": ""'region'"", ""default"": ""''"", ""line"": 10496}, {""key"": ""'checks'"", ""default"": ""''"", ""line"": 10497}, {""key"": ""'output_dir'"", ""default"": ""'/tmp/prowler_output'"", ""line"": 10498}, {""key"": ""'output_format'"", ""default"": ""'json'"", ""line"": 10499}, {""key"": ""'additional_args'"", ""default"": ""''"", ""line"": 10500}]"
hexstrike_server.py,10534,trivy,/api/tools/trivy,not_ported,POST,"[{""key"": ""'scan_type'"", ""default"": ""'image'"", ""line"": 10538}, {""key"": ""'target'"", ""default"": ""''"", ""line"": 10539}, {""key"": ""'output_format'"", ""default"": ""'json'"", ""line"": 10540}, {""key"": ""'severity'"", ""default"": ""''"", ""line"": 10541}, {""key"": ""'output_file'"", ""default"": ""''"", ""line"": 10542}, {""key"": ""'additional_args'"", ""default"": ""''"", ""line"": 10543}]"
hexstrike_server.py,10582,scout_suite,/api/tools/scout-suite,not_ported,POST,"[{""key"": ""'provider'"", ""default"": ""'aws'"", ""line"": 10586}, {""key"": ""'profile'"", ""default"": ""'default'"", ""line"": 10587}, {""key"": ""'report_dir'"", ""default"": ""'/tmp/scout-suite'"", ""line"": 10588}, {""key"": ""'services'"", ""default"": ""''"", ""line"": 10589}, {""key"": ""'exceptions'"", ""default"": ""''"", ""line"": 10590}, {""key"": ""'additional_args'"", ""default"": ""''"", ""line"": 10591}]"
hexstrike_server.py,10622,cloudmapper,/api/tools/cloudmapper,not_ported,POST,"[{""key"": ""'action'"", ""default"": ""'collect'"", ""line"": 10626}, {""key"": ""'account'"", ""default"": ""''"", ""line"": 10627}, {""key"": ""'config'"", ""default"": ""'config.json'"", ""line"": 10628}, {""key"": ""'additional_args'"", ""default"": ""''"", ""line"": 10629}]"
hexstrike_server.py,10655,pacu,/api/tools/pacu,not_ported,POST,"[{""key"": ""'session_name'"", ""default"": ""'hexstrike_session'"", ""line"": 10659}, {""key"": ""'modules'"", ""default"": ""''"", ""line"": 10660}, {""key"": ""'data_services'"", ""default"": ""''"", ""line"": 10661}, {""key"": ""'regions'"", ""default"": ""''"", ""line"": 10662}, {""key"": ""'additional_args'"", ""default"": ""''"", ""line"": 10663}]"
hexstrike_server.py,10707,kube_hunter,/api/tools/kube-hunter,not_ported,POST,"[{""key"": ""'target'"", ""default"": ""''"", ""line"": 10711}, {""key"": ""'remote'"", ""default"": ""''"", ""line"": 10712}, {""key"": ""'cidr'"", ""default"": ""''"", ""line"": 10713}, {""key"": ""'interface'"", ""default"": ""''"", ""line"": 10714}, {""key"": ""'active'"", ""default"": ""False"", ""line"": 10715}, {""key"": ""'report'"", ""default"": ""'json'"", ""line"": 10716}, {""key"": ""'additional_args'"", ""default"": ""''"", ""line"": 10717}]"
hexstrike_server.py,10751,kube_bench,/api/tools/kube-bench,not_ported,POST,"[{""key"": ""'targets'"", ""default"": ""''"", ""line"": 10755}, {""key"": ""'version'"", ""default"": ""''"", ""line"": 10756}, {""key"": ""'config_dir'"", ""default"": ""''"", ""line"": 10757}, {""key"": ""'output_format'"", ""default"": ""'json'"", ""line"": 10758}, {""key"": ""'additional_args'"", ""default"": ""''"", ""line"": 10759}]"
hexstrike_server.py,10787,docker_bench_security,/api/tools/docker-bench-security,not_ported,POST,"[{""key"": ""'checks'"", ""default"": ""''"", ""line"": 10791}, {""key"": ""'exclude'"", ""default"": ""''"", ""line"": 10792}, {""key"": ""'output_file'"", ""default"": ""'/tmp/docker-bench-results.json'"", ""line"": 10793}, {""key"": ""'additional_args'"", ""default"": ""''"", ""line"": 10794}]"
hexstrike_server.py,10820,clair,/api/tools/clair,not_ported,POST,"[{""key"": ""'image'"", ""default"": ""''"", ""line"": 10824}, {""key"": ""'config'"", ""default"": ""'/etc/clair/config.yaml'"", ""line"": 10825}, {""key"": ""'output_format'"", ""default"": ""'json'"", ""line"": 10826}, {""key"": ""'additional_args'"", ""default"": ""''"", ""line"": 10827}]"
hexstrike_server.py,10854,falco,/api/tools/falco,not_ported,POST,"[{""key"": ""'config_file'"", ""default"": ""'/etc/falco/falco.yaml'"", ""line"": 10858}, {""key"": ""'rules_file'"", ""default"": ""''"", ""line"": 10859}, {""key"": ""'output_format'"", ""default"": ""'json'"", ""line"": 10860}, {""key"": ""'duration'"", ""default"": ""60"", ""line"": 10861}, {""key"": ""'additional_args'"", ""default"": ""''"", ""line"": 10862}]"
hexstrike_server.py,10887,checkov,/api/tools/checkov,not_ported,POST,"[{""key"": ""'directory'"", ""default"": ""'.'"", ""line"": 10891}, {""key"": ""'framework'"", ""default"": ""''"", ""line"": 10892}, {""key"": ""'check'"", ""default"": ""''"", ""line"": 10893}, {""key"": ""'skip_check'"", ""default"": ""''"", ""line"": 10894}, {""key"": ""'output_format'"", ""default"": ""'json'"", ""line"": 10895}, {""key"": ""'additional_args'"", ""default"": ""''"", ""line"": 10896}]"
hexstrike_server.py,10924,terrascan,/api/tools/terrascan,not_ported,POST,"[{""key"": ""'scan_type'"", ""default"": ""'all'"", ""line"": 10928}, {""key"": ""'iac_dir'"", ""default"": ""'.'"", ""line"": 10929}, {""key"": ""'policy_type'"", ""default"": ""''"", ""line"": 10930}, {""key"": ""'output_format'"", ""default"": ""'json'"", ""line"": 10931}, {""key"": ""'severity'"", ""default"": ""''"", ""line"": 10932}, {""key"": ""'additional_args'"", ""default"": ""''"", ""line"": 10933}]"
hexstrike_server.py,10958,dirb,/api/tools/dirb,not_ported,POST,"[{""key"": ""'url'"", ""default"": ""''"", ""line"": 10962}, {""key"": ""'wordlist'"", ""default"": ""'/usr/share/wordlists/dirb/common.txt'"", ""line"": 10963}, {""key"": ""'additional_args'"", ""default"": ""''"", ""line"": 10964}]"
hexstrike_server.py,10988,nikto,/api/tools/nikto,not_ported,POST,"[{""key"": ""'target'"", ""default"": ""''"", ""line"": 10992}, {""key"": ""'additional_args'"", ""default"": ""''"", ""line"": 10993}]"
hexstrike_server.py,11017,sqlmap,/api/tools/sqlmap,not_ported,POST,"[{""key"": ""'url'"", ""default"": ""''"", ""line"": 11021}, {""key"": ""'data'"", ""default"": ""''"", ""line"": 11022}, {""key"": ""'additional_args'"", ""default"": ""''"", ""line"": 11023}]"
hexstrike_server.py,11050,metasploit,/api/tools/metasploit,not_ported,POST,"[{""key"": ""'module'"", ""default"": ""''"", ""line"": 11054}, {""key"": ""'options'"", ""default"": ""{}"", ""line"": 11055}]"
hexstrike_server.py,11094,hydra,/api/tools/hydra,not_ported,POST,"[{""key"": ""'target'"", ""default"": ""''"", ""line"": 11098}, {""key"": ""'service'"", ""default"": ""''"", ""line"": 11099}, {""key"": ""'username'"", ""default"": ""''"", ""line"": 11100}, {""key"": ""'username_file'"", ""default"": ""''"", ""line"": 11101}, {""key"": ""'password'"", ""default"": ""''"", ""line"": 11102}, {""key"": ""'password_file'"", ""default"": ""''"", ""line"": 11103}, {""key"": ""'additional_args'"", ""default"": ""''"", ""line"": 11104}]"
hexstrike_server.py,11146,john,/api/tools/john,not_ported,POST,"[{""key"": ""'hash_file'"", ""default"": ""''"", ""line"": 11150}, {""key"": ""'wordlist'"", ""default"": ""'/usr/share/wordlists/rockyou.txt'"", ""line"": 11151}, {""key"": ""'format'"", ""default"": ""''"", ""line"": 11152}, {""key"": ""'additional_args'"", ""default"": ""''"", ""line"": 11153}]"
hexstrike_server.py,11185,wpscan,/api/tools/wpscan,not_ported,POST,"[{""key"": ""'url'"", ""default"": ""''"", ""line"": 11189}, {""key"": ""'additional_args'"", ""default"": ""''"", ""line"": 11190}]"
hexstrike_server.py,11214,enum4linux,/api/tools/enum4linux,not_ported,POST,"[{""key"": ""'target'"", ""default"": ""''"", ""line"": 11218}, {""key"": ""'additional_args'"", ""default"": ""'-a'"", ""line"": 11219}]"
hexstrike_server.py,11240,ffuf,/api/tools/ffuf,not_ported,POST,"[{""key"": ""'url'"", ""default"": ""''"", ""line"": 11244}, {""key"": ""'wordlist'"", ""default"": ""'/usr/share/wordlists/dirb/common.txt'"", ""line"": 11245}, {""key"": ""'mode'"", ""default"": ""'directory'"", ""line"": 11246}, {""key"": ""'match_codes'"", ""default"": ""'200,204,301,302,307,401,403'"", ""line"": 11247}, {""key"": ""'additional_args'"", ""default"": ""''"", ""line"": 11248}]"
hexstrike_server.py,11283,netexec,/api/tools/netexec,not_ported,POST,"[{""key"": ""'target'"", ""default"": ""''"", ""line"": 11287}, {""key"": ""'protocol'"", ""default"": ""'smb'"", ""line"": 11288}, {""key"": ""'username'"", ""default"": ""''"", ""line"": 11289}, {""key"": ""'password'"", ""default"": ""''"", ""line"": 11290}, {""key"": ""'hash'"", ""default"": ""''"", ""line"": 11291}, {""key"": ""'module'"", ""default"": ""''"", ""line"": 11292}, {""key"": ""'additional_args'"", ""default"": ""''"", ""line"": 11293}]"
hexstrike_server.py,11329,amass,/api/tools/amass,not_ported,POST,"[{""key"": ""'domain'"", ""default"": ""''"", ""line"": 11333}, {""key"": ""'mode'"", ""default"": ""'enum'"", ""line"": 11334}, {""key"": ""'additional_args'"", ""default"": ""''"", ""line"": 11335}]"
hexstrike_server.py,11364,hashcat,/api/tools/hashcat,not_ported,POST,"[{""key"": ""'hash_file'"", ""default"": ""''"", ""line"": 11368}, {""key"": ""'hash_type'"", ""default"": ""''"", ""line"": 11369}, {""key"": ""'attack_mode'"", ""default"": ""'0'"", ""line"": 11370}, {""key"": ""'wordlist'"", ""default"": ""'/usr/share/wordlists/rockyou.txt'"", ""line"": 11371}, {""key"": ""'mask'"", ""default"": ""''"", ""line"": 11372}, {""key"": ""'additional_args'"", ""default"": ""''"", ""line"": 11373}]"
hexstrike_server.py,11408,subfinder,/api/tools/subfinder,not_ported,POST,"[{""key"": ""'domain'"", ""default"": ""''"", ""line"": 11412}, {""key"": ""'silent'"", ""default"": ""True"", ""line"": 11413}, {""key"": ""'all_sources'"", ""default"": ""False"", ""line"": 11414}, {""key"": ""'additional_args'"", ""default"": ""''"", ""line"": 11415}]"
hexstrike_server.py,11445,smbmap,/api/tools/smbmap,not_ported,POST,"[{""key"": ""'target'"", ""default"": ""''"", ""line"": 11449}, {""key"": ""'username'"", ""default"": ""''"", ""line"": 11450}, {""key"": ""'password'"", ""default"": ""''"", ""line"": 11451}, {""key"": ""'domain'"", ""default"": ""''"", ""line"": 11452}, {""key"": ""'additional_args'"", ""default"": ""''"", ""line"": 11453}]"
hexstrike_server.py,11490,rustscan,/api/tools/rustscan,not_ported,POST,"[{""key"": ""'target'"", ""default"": ""''"", ""line"": 11494}, {""key"": ""'ports'"", ""default"": ""''"", ""line"": 11495}, {""key"": ""'ulimit'"", ""default"": ""5000"", ""line"": 11496}, {""key"": ""'batch_size'"", ""default"": ""4500"", ""line"": 11497}, {""key"": ""'timeout'"", ""default"": ""1500"", ""line"": 11498}, {""key"": ""'scripts'"", ""default"": ""''"", ""line"": 11499}, {""key"": ""'additional_args'"", ""default"": ""''"", ""line"": 11500}]"
hexstrike_server.py,11526,masscan,/api/tools/masscan,not_ported,POST,"[{""key"": ""'target'"", ""default"": ""''"", ""line"": 11530}, {""key"": ""'ports'"", ""default"": ""'1-65535'"", ""line"": 11531}, {""key"": ""'rate'"", ""default"": ""1000"", ""line"": 11532}, {""key"": ""'interface'"", ""default"": ""''"", ""line"": 11533}, {""key"": ""'router_mac'"", ""default"": ""''"", ""line"": 11534}, {""key"": ""'source_ip'"", ""default"": ""''"", ""line"": 11535}, {""key"": ""'banners'"", ""default"": ""False"", ""line"": 11536}, {""key"": ""'additional_args'"", ""default"": ""''"", ""line"": 11537}]"
hexstrike_server.py,11569,nmap_advanced,/api/tools/nmap-advanced,not_ported,POST,"[{""key"": ""'target'"", ""default"": ""''"", ""line"": 11573}, {""key"": ""'scan_type'"", ""default"": ""'-sS'"", ""line"": 11574}, {""key"": ""'ports'"", ""default"": ""''"", ""line"": 11575}, {""key"": ""'timing'"", ""default"": ""'T4'"", ""line"": 11576}, {""key"": ""'nse_scripts'"", ""default"": ""''"", ""line"": 11577}, {""key"": ""'os_detection'"", ""default"": ""False"", ""line"": 11578}, {""key"": ""'version_detection'"", ""default"": ""False"", ""line"": 11579}, {""key"": ""'aggressive'"", ""default"": ""False"", ""line"": 11580}, {""key"": ""'stealth'"", ""default"": ""False"", ""line"": 11581}, {""key"": ""'additional_args'"", ""default"": ""''"", ""line"": 11582}]"
hexstrike_server.py,11624,autorecon,/api/tools/autorecon,not_ported,POST,"[{""key"": ""'target'"", ""default"": ""''"", ""line"": 11628}, {""key"": ""'output_dir'"", ""default"": ""'/tmp/autorecon'"", ""line"": 11629}, {""key"": ""'port_scans'"", ""default"": ""'top-100-ports'"", ""line"": 11630}, {""key"": ""'service_scans'"", ""default"": ""'default'"", ""line"": 11631}, {""key"": ""'heartbeat'"", ""default"": ""60"", ""line"": 11632}, {""key"": ""'timeout'"", ""default"": ""300"", ""line"": 11633}, {""key"": ""'additional_args'"", ""default"": ""''"", ""line"": 11634}]"
hexstrike_server.py,11660,enum4linux_ng,/api/tools/enum4linux-ng,not_ported,POST,"[{""key"": ""'target'"", ""default"": ""''"", ""line"": 11664}, {""key"": ""'username'"", ""default"": ""''"", ""line"": 11665}, {""key"": ""'password'"", ""default"": ""''"", ""line"": 11666}, {""key"": ""'domain'"", ""default"": ""''"", ""line"": 11667}, {""key"": ""'shares'"", ""default"": ""True"", ""line"": 11668}, {""key"": ""'users'"", ""default"": ""True"", ""line"": 11669}, {""key"": ""'groups'"", ""default"": ""True"", ""line"": 11670}, {""key"": ""'policy'"", ""default"": ""True"", ""line"": 11671}, {""key"": ""'additional_args'"", ""default"": ""''"", ""line"": 11672}]"
hexstrike_server.py,11715,rpcclient,/api/tools/rpcclient,not_ported,POST,"[{""key"": ""'target'"", ""default"": ""''"", ""line"": 11719}, {""key"": ""'username'"", ""default"": ""''"", ""line"": 11720}, {""key"": ""'password'"", ""default"": ""''"", ""line"": 11721}, {""key"": ""'domain'"", ""default"": ""''"", ""line"": 11722}, {""key"": ""'commands'"", ""default"": ""'enumdomusers;enumdomgroups;querydominfo'"", ""line"": 11723}, {""key"": ""'additional_args'"", ""default"": ""''"", ""line"": 11724}]"
hexstrike_server.py,11759,nbtscan,/api/tools/nbtscan,not_ported,POST,"[{""key"": ""'target'"", ""default"": ""''"", ""line"": 11763}, {""key"": ""'verbose'"", ""default"": ""False"", ""line"": 11764}, {""key"": ""'timeout'"", ""default"": ""2"", ""line"": 11765}, {""key"": ""'additional_args'"", ""default"": ""''"", ""line"": 11766}]"
hexstrike_server.py,11791,arp_scan,/api/tools/arp-scan,not_ported,POST,"[{""key"": ""'target'"", ""default"": ""''"", ""line"": 11795}, {""key"": ""'interface'"", ""default"": ""''"", ""line"": 11796}, {""key"": ""'local_network'"", ""default"": ""False"", ""line"": 11797}, {""key"": ""'timeout'"", ""default"": ""500"", ""line"": 11798}, {""key"": ""'retry'"", ""default"": ""3"", ""line"": 11799}, {""key"": ""'additional_args'"", ""default"": ""''"", ""line"": 11800}]"
hexstrike_server.py,11828,responder,/api/tools/responder,not_ported,POST,"[{""key"": ""'interface'"", ""default"": ""'eth0'"", ""line"": 11832}, {""key"": ""'analyze'"", ""default"": ""False"", ""line"": 11833}, {""key"": ""'wpad'"", ""default"": ""True"", ""line"": 11834}, {""key"": ""'force_wpad_auth'"", ""default"": ""False"", ""line"": 11835}, {""key"": ""'fingerprint'"", ""default"": ""False"", ""line"": 11836}, {""key"": ""'duration'"", ""default"": ""300"", ""line"": 11837}, {""key"": ""'additional_args'"", ""default"": ""''"", ""line"": 11838}]"
hexstrike_server.py,11870,volatility,/api/tools/volatility,not_ported,POST,"[{""key"": ""'memory_file'"", ""default"": ""''"", ""line"": 11874}, {""key"": ""'plugin'"", ""default"": ""''"", ""line"": 11875}, {""key"": ""'profile'"", ""default"": ""''"", ""line"": 11876}, {""key"": ""'additional_args'"", ""default"": ""''"", ""line"": 11877}]"
hexstrike_server.py,11912,msfvenom,/api/tools/msfvenom,not_ported,POST,"[{""key"": ""'payload'"", ""default"": ""''"", ""line"": 11916}, {""key"": ""'format'"", ""default"": ""''"", ""line"": 11917}, {""key"": ""'output_file'"", ""default"": ""''"", ""line"": 11918}, {""key"": ""'encoder'"", ""default"": ""''"", ""line"": 11919}, {""key"": ""'iterations'"", ""default"": ""''"", ""line"": 11920}, {""key"": ""'additional_args'"", ""default"": ""''"", ""line"": 11921}]"
hexstrike_server.py,11961,gdb,/api/tools/gdb,not_ported,POST,"[{""key"": ""'binary'"", ""default"": ""''"", ""line"": 11965}, {""key"": ""'commands'"", ""default"": ""''"", ""line"": 11966}, {""key"": ""'script_file'"", ""default"": ""''"", ""line"": 11967}, {""key"": ""'additional_args'"", ""default"": ""''"", ""line"": 11968}]"
hexstrike_server.py,12010,radare2,/api/tools/radare2,not_ported,POST,"[{""key"": ""'binary'"", ""default"": ""''"", ""line"": 12014}, {""key"": ""'commands'"", ""default"": ""''"", ""line"": 12015}, {""key"": ""'additional_args'"", ""default"": ""''"", ""line"": 12016}]"
hexstrike_server.py,12053,binwalk,/api/tools/binwalk,not_ported,POST,"[{""key"": ""'file_path'"", ""default"": ""''"", ""line"": 12057}, {""key"": ""'extract'"", ""default"": ""False"", ""line"": 12058}, {""key"": ""'additional_args'"", ""default"": ""''"", ""line"": 12059}]"
hexstrike_server.py,12088,ropgadget,/api/tools/ropgadget,not_ported,POST,"[{""key"": ""'binary'"", ""default"": ""''"", ""line"": 12092}, {""key"": ""'gadget_type'"", ""default"": ""''"", ""line"": 12093}, {""key"": ""'additional_args'"", ""default"": ""''"", ""line"": 12094}]"
hexstrike_server.py,12121,checksec,/api/tools/checksec,not_ported,POST,"[{""key"": ""'binary'"", ""default"": ""''"", ""line"": 12125}]"
hexstrike_server.py,12146,xxd,/api/tools/xxd,not_ported,POST,"[{""key"": ""'file_path'"", ""default"": ""''"", ""line"": 12150}, {""key"": ""'offset'"", ""default"": ""'0'"", ""line"": 12151}, {""key"": ""'length'"", ""default"": ""''"", ""line"": 12152}, {""key"": ""'additional_args'"", ""default"": ""''"", ""line"": 12153}]"
hexstrike_server.py,12182,strings,/api/tools/strings,not_ported,POST,"[{""key"": ""'file_path'"", ""default"": ""''"", ""line"": 12186}, {""key"": ""'min_len'"", ""default"": ""4"", ""line"": 12187}, {""key"": ""'additional_args'"", ""default"": ""''"", ""line"": 12188}]"
hexstrike_server.py,12214,objdump,/api/tools/objdump,not_ported,POST,"[{""key"": ""'binary'"", ""default"": ""''"", ""line"": 12218}, {""key"": ""'disassemble'"", ""default"": ""True"", ""line"": 12219}, {""key"": ""'additional_args'"", ""default"": ""''"", ""line"": 12220}]"
hexstrike_server.py,12255,ghidra,/api/tools/ghidra,not_ported,POST,"[{""key"": ""'binary'"", ""default"": ""''"", ""line"": 12259}, {""key"": ""'project_name'"", ""default"": ""'hexstrike_analysis'"", ""line"": 12260}, {""key"": ""'script_file'"", ""default"": ""''"", ""line"": 12261}, {""key"": ""'analysis_timeout'"", ""default"": ""300"", ""line"": 12262}, {""key"": ""'output_format'"", ""default"": ""'xml'"", ""line"": 12263}, {""key"": ""'additional_args'"", ""default"": ""''"", ""line"": 12264}]"
hexstrike_server.py,12295,pwntools,/api/tools/pwntools,not_ported,POST,"[{""key"": ""'script_content'"", ""default"": ""''"", ""line"": 12299}, {""key"": ""'target_binary'"", ""default"": ""''"", ""line"": 12300}, {""key"": ""'target_host'"", ""default"": ""''"", ""line"": 12301}, {""key"": ""'target_port'"", ""default"": ""0"", ""line"": 12302}, {""key"": ""'exploit_type'"", ""default"": ""'local'"", ""line"": 12303}, {""key"": ""'additional_args'"", ""default"": ""''"", ""line"": 12304}]"
hexstrike_server.py,12370,one_gadget,/api/tools/one-gadget,not_ported,POST,"[{""key"": ""'libc_path'"", ""default"": ""''"", ""line"": 12374}, {""key"": ""'level'"", ""default"": ""1"", ""line"": 12375}, {""key"": ""'additional_args'"", ""default"": ""''"", ""line"": 12376}]"
hexstrike_server.py,12396,libc_database,/api/tools/libc-database,not_ported,POST,"[{""key"": ""'action'"", ""default"": ""'find'"", ""line"": 12400}, {""key"": ""'symbols'"", ""default"": ""''"", ""line"": 12401}, {""key"": ""'libc_id'"", ""default"": ""''"", ""line"": 12402}, {""key"": ""'additional_args'"", ""default"": ""''"", ""line"": 12403}]"
hexstrike_server.py,12437,gdb_peda,/api/tools/gdb-peda,not_ported,POST,"[{""key"": ""'binary'"", ""default"": ""''"", ""line"": 12441}, {""key"": ""'commands'"", ""default"": ""''"", ""line"": 12442}, {""key"": ""'attach_pid'"", ""default"": ""0"", ""line"": 12443}, {""key"": ""'core_file'"", ""default"": ""''"", ""line"": 12444}, {""key"": ""'additional_args'"", ""default"": ""''"", ""line"": 12445}]"
hexstrike_server.py,12499,angr,/api/tools/angr,not_ported,POST,"[{""key"": ""'binary'"", ""default"": ""''"", ""line"": 12503}, {""key"": ""'script_content'"", ""default"": ""''"", ""line"": 12504}, {""key"": ""'find_address'"", ""default"": ""''"", ""line"": 12505}, {""key"": ""'avoid_addresses'"", ""default"": ""''"", ""line"": 12506}, {""key"": ""'analysis_type'"", ""default"": ""'symbolic'"", ""line"": 12507}, {""key"": ""'additional_args'"", ""default"": ""''"", ""line"": 12508}]"
hexstrike_server.py,12590,ropper,/api/tools/ropper,not_ported,POST,"[{""key"": ""'binary'"", ""default"": ""''"", ""line"": 12594}, {""key"": ""'gadget_type'"", ""default"": ""'rop'"", ""line"": 12595}, {""key"": ""'quality'"", ""default"": ""1"", ""line"": 12596}, {""key"": ""'arch'"", ""default"": ""''"", ""line"": 12597}, {""key"": ""'search_string'"", ""default"": ""''"", ""line"": 12598}, {""key"": ""'additional_args'"", ""default"": ""''"", ""line"": 12599}]"
hexstrike_server.py,12637,pwninit,/api/tools/pwninit,not_ported,POST,"[{""key"": ""'binary'"", ""default"": ""''"", ""line"": 12641}, {""key"": ""'libc'"", ""default"": ""''"", ""line"": 12642}, {""key"": ""'ld'"", ""default"": ""''"", ""line"": 12643}, {""key"": ""'template_type'"", ""default"": ""'python'"", ""line"": 12644}, {""key"": ""'additional_args'"", ""default"": ""''"", ""line"": 12645}]"
hexstrike_server.py,12678,feroxbuster,/api/tools/feroxbuster,not_ported,POST,"[{""key"": ""'url'"", ""default"": ""''"", ""line"": 12682}, {""key"": ""'wordlist'"", ""default"": ""'/usr/share/wordlists/dirb/common.txt'"", ""line"": 12683}, {""key"": ""'threads'"", ""default"": ""10"", ""line"": 12684}, {""key"": ""'additional_args'"", ""default"": ""''"", ""line"": 12685}]"
hexstrike_server.py,12709,dotdotpwn,/api/tools/dotdotpwn,not_ported,POST,"[{""key"": ""'target'"", ""default"": ""''"", ""line"": 12713}, {""key"": ""'module'"", ""default"": ""'http'"", ""line"": 12714}, {""key"": ""'additional_args'"", ""default"": ""''"", ""line"": 12715}]"
hexstrike_server.py,12741,xsser,/api/tools/xsser,not_ported,POST,"[{""key"": ""'url'"", ""default"": ""''"", ""line"": 12745}, {""key"": ""'params'"", ""default"": ""''"", ""line"": 12746}, {""key"": ""'additional_args'"", ""default"": ""''"", ""line"": 12747}]"
hexstrike_server.py,12774,wfuzz,/api/tools/wfuzz,not_ported,POST,"[{""key"": ""'url'"", ""default"": ""''"", ""line"": 12778}, {""key"": ""'wordlist'"", ""default"": ""'/usr/share/wordlists/dirb/common.txt'"", ""line"": 12779}, {""key"": ""'additional_args'"", ""default"": ""''"", ""line"": 12780}]"
hexstrike_server.py,12808,dirsearch,/api/tools/dirsearch,not_ported,POST,"[{""key"": ""'url'"", ""default"": ""''"", ""line"": 12812}, {""key"": ""'extensions'"", ""default"": ""'php,html,js,txt,xml,json'"", ""line"": 12813}, {""key"": ""'wordlist'"", ""default"": ""'/usr/share/wordlists/dirsearch/common.txt'"", ""line"": 12814}, {""key"": ""'threads'"", ""default"": ""30"", ""line"": 12815}, {""key"": ""'recursive'"", ""default"": ""False"", ""line"": 12816}, {""key"": ""'additional_args'"", ""default"": ""''"", ""line"": 12817}]"
hexstrike_server.py,12840,katana,/api/tools/katana,not_ported,POST,"[{""key"": ""'url'"", ""default"": ""''"", ""line"": 12844}, {""key"": ""'depth'"", ""default"": ""3"", ""line"": 12845}, {""key"": ""'js_crawl'"", ""default"": ""True"", ""line"": 12846}, {""key"": ""'form_extraction'"", ""default"": ""True"", ""line"": 12847}, {""key"": ""'output_format'"", ""default"": ""'json'"", ""line"": 12848}, {""key"": ""'additional_args'"", ""default"": ""''"", ""line"": 12849}]"
hexstrike_server.py,12878,gau,/api/tools/gau,not_ported,POST,"[{""key"": ""'domain'"", ""default"": ""''"", ""line"": 12882}, {""key"": ""'providers'"", ""default"": ""'wayback,commoncrawl,otx,urlscan'"", ""line"": 12883}, {""key"": ""'include_subs'"", ""default"": ""True"", ""line"": 12884}, {""key"": ""'blacklist'"", ""default"": ""'png,jpg,gif,jpeg,swf,woff,svg,pdf,css,ico'"", ""line"": 12885}, {""key"": ""'additional_args'"", ""default"": ""''"", ""line"": 12886}]"
hexstrike_server.py,12915,waybackurls,/api/tools/waybackurls,not_ported,POST,"[{""key"": ""'domain'"", ""default"": ""''"", ""line"": 12919}, {""key"": ""'get_versions'"", ""default"": ""False"", ""line"": 12920}, {""key"": ""'no_subs'"", ""default"": ""False"", ""line"": 12921}, {""key"": ""'additional_args'"", ""default"": ""''"", ""line"": 12922}]"
hexstrike_server.py,12948,arjun,/api/tools/arjun,not_ported,POST,"[{""key"": ""'url'"", ""default"": ""''"", ""line"": 12952}, {""key"": ""'method'"", ""default"": ""'GET'"", ""line"": 12953}, {""key"": ""'wordlist'"", ""default"": ""''"", ""line"": 12954}, {""key"": ""'delay'"", ""default"": ""0"", ""line"": 12955}, {""key"": ""'threads'"", ""default"": ""25"", ""line"": 12956}, {""key"": ""'stable'"", ""default"": ""False"", ""line"": 12957}, {""key"": ""'additional_args'"", ""default"": ""''"", ""line"": 12958}]"
hexstrike_server.py,12987,paramspider,/api/tools/paramspider,not_ported,POST,"[{""key"": ""'domain'"", ""default"": ""''"", ""line"": 12991}, {""key"": ""'level'"", ""default"": ""2"", ""line"": 12992}, {""key"": ""'exclude'"", ""default"": ""'png,jpg,gif,jpeg,swf,woff,svg,pdf,css,ico'"", ""line"": 12993}, {""key"": ""'output'"", ""default"": ""''"", ""line"": 12994}, {""key"": ""'additional_args'"", ""default"": ""''"", ""line"": 12995}]"
hexstrike_server.py,13021,x8,/api/tools/x8,not_ported,POST,"[{""key"": ""'url'"", ""default"": ""''"", ""line"": 13025}, {""key"": ""'wordlist'"", ""default"": ""'/usr/share/wordlists/x8/params.txt'"", ""line"": 13026}, {""key"": ""'method'"", ""default"": ""'GET'"", ""line"": 13027}, {""key"": ""'body'"", ""default"": ""''"", ""line"": 13028}, {""key"": ""'headers'"", ""default"": ""''"", ""line"": 13029}, {""key"": ""'additional_args'"", ""default"": ""''"", ""line"": 13030}]"
hexstrike_server.py,13056,jaeles,/api/tools/jaeles,not_ported,POST,"[{""key"": ""'url'"", ""default"": ""''"", ""line"": 13060}, {""key"": ""'signatures'"", ""default"": ""''"", ""line"": 13061}, {""key"": ""'config'"", ""default"": ""''"", ""line"": 13062}, {""key"": ""'threads'"", ""default"": ""20"", ""line"": 13063}, {""key"": ""'timeout'"", ""default"": ""20"", ""line"": 13064}, {""key"": ""'additional_args'"", ""default"": ""''"", ""line"": 13065}]"
hexstrike_server.py,13091,dalfox,/api/tools/dalfox,not_ported,POST,"[{""key"": ""'url'"", ""default"": ""''"", ""line"": 13095}, {""key"": ""'pipe_mode'"", ""default"": ""False"", ""line"": 13096}, {""key"": ""'blind'"", ""default"": ""False"", ""line"": 13097}, {""key"": ""'mining_dom'"", ""default"": ""True"", ""line"": 13098}, {""key"": ""'mining_dict'"", ""default"": ""True"", ""line"": 13099}, {""key"": ""'custom_payload'"", ""default"": ""''"", ""line"": 13100}, {""key"": ""'additional_args'"", ""default"": ""''"", ""line"": 13101}]"
hexstrike_server.py,13136,httpx,/api/tools/httpx,not_ported,POST,"[{""key"": ""'target'"", ""default"": ""''"", ""line"": 13140}, {""key"": ""'probe'"", ""default"": ""True"", ""line"": 13141}, {""key"": ""'tech_detect'"", ""default"": ""False"", ""line"": 13142}, {""key"": ""'status_code'"", ""default"": ""False"", ""line"": 13143}, {""key"": ""'content_length'"", ""default"": ""False"", ""line"": 13144}, {""key"": ""'title'"", ""default"": ""False"", ""line"": 13145}, {""key"": ""'web_server'"", ""default"": ""False"", ""line"": 13146}, {""key"": ""'threads'"", ""default"": ""50"", ""line"": 13147}, {""key"": ""'additional_args'"", ""default"": ""''"", ""line"": 13148}]"
hexstrike_server.py,13186,anew,/api/tools/anew,not_ported,POST,"[{""key"": ""'input_data'"", ""default"": ""''"", ""line"": 13190}, {""key"": ""'output_file'"", ""default"": ""''"", ""line"": 13191}, {""key"": ""'additional_args'"", ""default"": ""''"", ""line"": 13192}]"
hexstrike_server.py,13215,qsreplace,/api/tools/qsreplace,not_ported,POST,"[{""key"": ""'urls'"", ""default"": ""''"", ""line"": 13219}, {""key"": ""'replacement'"", ""default"": ""'FUZZ'"", ""line"": 13220}, {""key"": ""'additional_args'"", ""default"": ""''"", ""line"": 13221}]"
hexstrike_server.py,13241,uro,/api/tools/uro,not_ported,POST,"[{""key"": ""'urls'"", ""default"": ""''"", ""line"": 13245}, {""key"": ""'whitelist'"", ""default"": ""''"", ""line"": 13246}, {""key"": ""'blacklist'"", ""default"": ""''"", ""line"": 13247}, {""key"": ""'additional_args'"", ""default"": ""''"", ""line"": 13248}]"
hexstrike_server.py,14040,http_framework_endpoint,/api/tools/http-framework,not_ported,POST,"[{""key"": ""'action'"", ""default"": ""'request'"", ""line"": 14044}, {""key"": ""'url'"", ""default"": ""''"", ""line"": 14045}, {""key"": ""'method'"", ""default"": ""'GET'"", ""line"": 14046}, {""key"": ""'data'"", ""default"": ""{}"", ""line"": 14047}, {""key"": ""'headers'"", ""default"": ""{}"", ""line"": 14048}, {""key"": ""'cookies'"", ""default"": ""{}"", ""line"": 14049}, {""key"": ""'max_depth'"", ""default"": ""3"", ""line"": 14072}, {""key"": ""'max_pages'"", ""default"": ""100"", ""line"": 14073}, {""key"": ""'rules'"", ""default"": ""[]"", ""line"": 14097}, {""key"": ""'host'"", ""default"": null, ""line"": 14102}, {""key"": ""'include_subdomains'"", ""default"": ""True"", ""line"": 14103}, {""key"": ""'request'"", ""default"": null, ""line"": 14110}, {""key"": ""'method'"", ""default"": ""'GET'"", ""line"": 14117}, {""key"": ""'location'"", ""default"": ""'query'"", ""line"": 14118}, {""key"": ""'params'"", ""default"": ""[]"", ""line"": 14119}, {""key"": ""'payloads'"", ""default"": ""[]"", ""line"": 14120}, {""key"": ""'base_data'"", ""default"": ""{}"", ""line"": 14121}, {""key"": ""'max_requests'"", ""default"": ""100"", ""line"": 14122}]"
hexstrike_server.py,14136,browser_agent_endpoint,/api/tools/browser-agent,not_ported,POST,"[{""key"": ""'action'"", ""default"": ""'navigate'"", ""line"": 14140}, {""key"": ""'url'"", ""default"": ""''"", ""line"": 14141}, {""key"": ""'headless'"", ""default"": ""True"", ""line"": 14142}, {""key"": ""'wait_time'"", ""default"": ""5"", ""line"": 14143}, {""key"": ""'proxy_port'"", ""default"": null, ""line"": 14144}, {""key"": ""'active_tests'"", ""default"": ""False"", ""line"": 14145}]"
hexstrike_server.py,14225,burpsuite_alternative,/api/tools/burpsuite-alternative,not_ported,POST,"[{""key"": ""'target'"", ""default"": ""''"", ""line"": 14229}, {""key"": ""'scan_type'"", ""default"": ""'comprehensive'"", ""line"": 14230}, {""key"": ""'headless'"", ""default"": ""True"", ""line"": 14231}, {""key"": ""'max_depth'"", ""default"": ""3"", ""line"": 14232}, {""key"": ""'max_pages'"", ""default"": ""50"", ""line"": 14233}]"
hexstrike_server.py,14319,zap,/api/tools/zap,not_ported,POST,"[{""key"": ""'target'"", ""default"": ""''"", ""line"": 14323}, {""key"": ""'scan_type'"", ""default"": ""'baseline'"", ""line"": 14324}, {""key"": ""'api_key'"", ""default"": ""''"", ""line"": 14325}, {""key"": ""'daemon'"", ""default"": ""False"", ""line"": 14326}, {""key"": ""'port'"", ""default"": ""'8090'"", ""line"": 14327}, {""key"": ""'host'"", ""default"": ""'0.0.0.0'"", ""line"": 14328}, {""key"": ""'format'"", ""default"": ""'xml'"", ""line"": 14329}, {""key"": ""'output_file'"", ""default"": ""''"", ""line"": 14330}, {""key"": ""'additional_args'"", ""default"": ""''"", ""line"": 14331}]"
hexstrike_server.py,14369,wafw00f,/api/tools/wafw00f,not_ported,POST,"[{""key"": ""'target'"", ""default"": ""''"", ""line"": 14373}, {""key"": ""'additional_args'"", ""default"": ""''"", ""line"": 14374}]"
hexstrike_server.py,14398,fierce,/api/tools/fierce,not_ported,POST,"[{""key"": ""'domain'"", ""default"": ""''"", ""line"": 14402}, {""key"": ""'dns_server'"", ""default"": ""''"", ""line"": 14403}, {""key"": ""'additional_args'"", ""default"": ""''"", ""line"": 14404}]"
hexstrike_server.py,14431,dnsenum,/api/tools/dnsenum,not_ported,POST,"[{""key"": ""'domain'"", ""default"": ""''"", ""line"": 14435}, {""key"": ""'dns_server'"", ""default"": ""''"", ""line"": 14436}, {""key"": ""'wordlist'"", ""default"": ""''"", ""line"": 14437}, {""key"": ""'additional_args'"", ""default"": ""''"", ""line"": 14438}]"
hexstrike_server.py,14469,install_python_package,/api/python/install,not_ported,POST,"[{""key"": ""'package'"", ""default"": ""''"", ""line"": 14473}, {""key"": ""'env_name'"", ""default"": ""'default'"", ""line"": 14474}]"
hexstrike_server.py,14499,execute_python_script,/api/python/execute,not_ported,POST,"[{""key"": ""'script'"", ""default"": ""''"", ""line"": 14503}, {""key"": ""'env_name'"", ""default"": ""'default'"", ""line"": 14504}, {""key"": ""'filename'"", ""default"": ""f'script_{int(time.time())}.py'"", ""line"": 14505}]"
hexstrike_server.py,14750,ai_generate_payload,/api/ai/generate_payload,not_ported,POST,"[{""key"": ""'attack_type'"", ""default"": ""'xss'"", ""line"": 14755}, {""key"": ""'complexity'"", ""default"": ""'basic'"", ""line"": 14756}, {""key"": ""'technology'"", ""default"": ""''"", ""line"": 14757}, {""key"": ""'url'"", ""default"": ""''"", ""line"": 14758}]"
hexstrike_server.py,14780,ai_test_payload,/api/ai/test_payload,not_ported,POST,"[{""key"": ""'payload'"", ""default"": ""''"", ""line"": 14784}, {""key"": ""'target_url'"", ""default"": ""''"", ""line"": 14785}, {""key"": ""'method'"", ""default"": ""'GET'"", ""line"": 14786}]"
hexstrike_server.py,14842,api_fuzzer,/api/tools/api_fuzzer,not_ported,POST,"[{""key"": ""'base_url'"", ""default"": ""''"", ""line"": 14846}, {""key"": ""'endpoints'"", ""default"": ""[]"", ""line"": 14847}, {""key"": ""'methods'"", ""default"": ""['GET', 'POST', 'PUT', 'DELETE']"", ""line"": 14848}, {""key"": ""'wordlist'"", ""default"": ""'/usr/share/wordlists/api/api-endpoints.txt'"", ""line"": 14849}]"
hexstrike_server.py,14899,graphql_scanner,/api/tools/graphql_scanner,not_ported,POST,"[{""key"": ""'endpoint'"", ""default"": ""''"", ""line"": 14903}, {""key"": ""'introspection'"", ""default"": ""True"", ""line"": 14904}, {""key"": ""'query_depth'"", ""default"": ""10"", ""line"": 14905}, {""key"": ""'test_mutations'"", ""default"": ""True"", ""line"": 14906}]"
hexstrike_server.py,15006,jwt_analyzer,/api/tools/jwt_analyzer,not_ported,POST,"[{""key"": ""'jwt_token'"", ""default"": ""''"", ""line"": 15010}, {""key"": ""'target_url'"", ""default"": ""''"", ""line"": 15011}]"
hexstrike_server.py,15124,api_schema_analyzer,/api/tools/api_schema_analyzer,not_ported,POST,"[{""key"": ""'schema_url'"", ""default"": ""''"", ""line"": 15128}, {""key"": ""'schema_type'"", ""default"": ""'openapi'"", ""line"": 15129}]"
hexstrike_server.py,15236,volatility3,/api/tools/volatility3,not_ported,POST,"[{""key"": ""'memory_file'"", ""default"": ""''"", ""line"": 15240}, {""key"": ""'plugin'"", ""default"": ""''"", ""line"": 15241}, {""key"": ""'output_file'"", ""default"": ""''"", ""line"": 15242}, {""key"": ""'additional_args'"", ""default"": ""''"", ""line"": 15243}]"
hexstrike_server.py,15276,foremost,/api/tools/foremost,not_ported,POST,"[{""key"": ""'input_file'"", ""default"": ""''"", ""line"": 15280}, {""key"": ""'output_dir'"", ""default"": ""'/tmp/foremost_output'"", ""line"": 15281}, {""key"": ""'file_types'"", ""default"": ""''"", ""line"": 15282}, {""key"": ""'additional_args'"", ""default"": ""''"", ""line"": 15283}]"
hexstrike_server.py,15316,steghide,/api/tools/steghide,not_ported,POST,"[{""key"": ""'action'"", ""default"": ""'extract'"", ""line"": 15320}, {""key"": ""'cover_file'"", ""default"": ""''"", ""line"": 15321}, {""key"": ""'embed_file'"", ""default"": ""''"", ""line"": 15322}, {""key"": ""'passphrase'"", ""default"": ""''"", ""line"": 15323}, {""key"": ""'output_file'"", ""default"": ""''"", ""line"": 15324}, {""key"": ""'additional_args'"", ""default"": ""''"", ""line"": 15325}]"
hexstrike_server.py,15365,exiftool,/api/tools/exiftool,not_ported,POST,"[{""key"": ""'file_path'"", ""default"": ""''"", ""line"": 15369}, {""key"": ""'output_format'"", ""default"": ""''"", ""line"": 15370}, {""key"": ""'tags'"", ""default"": ""''"", ""line"": 15371}, {""key"": ""'additional_args'"", ""default"": ""''"", ""line"": 15372}]"
hexstrike_server.py,15404,hashpump,/api/tools/hashpump,not_ported,POST,"[{""key"": ""'signature'"", ""default"": ""''"", ""line"": 15408}, {""key"": ""'data'"", ""default"": ""''"", ""line"": 15409}, {""key"": ""'key_length'"", ""default"": ""''"", ""line"": 15410}, {""key"": ""'append_data'"", ""default"": ""''"", ""line"": 15411}, {""key"": ""'additional_args'"", ""default"": ""''"", ""line"": 15412}]"
hexstrike_server.py,15440,hakrawler,/api/tools/hakrawler,not_ported,POST,"[{""key"": ""'url'"", ""default"": ""''"", ""line"": 15454}, {""key"": ""'depth'"", ""default"": ""2"", ""line"": 15455}, {""key"": ""'forms'"", ""default"": ""True"", ""line"": 15456}, {""key"": ""'robots'"", ""default"": ""True"", ""line"": 15457}, {""key"": ""'sitemap'"", ""default"": ""True"", ""line"": 15458}, {""key"": ""'wayback'"", ""default"": ""False"", ""line"": 15459}, {""key"": ""'additional_args'"", ""default"": ""''"", ""line"": 15460}]"
hexstrike_server.py,15497,cve_monitor,/api/vuln-intel/cve-monitor,not_ported,POST,"[{""key"": ""'hours'"", ""default"": ""24"", ""line"": 15501}, {""key"": ""'severity_filter'"", ""default"": ""'HIGH,CRITICAL'"", ""line"": 15502}, {""key"": ""'keywords'"", ""default"": ""''"", ""line"": 15503}]"
hexstrike_server.py,15551,exploit_generate,/api/vuln-intel/exploit-generate,not_ported,POST,"[{""key"": ""'cve_id'"", ""default"": ""''"", ""line"": 15555}, {""key"": ""'target_os'"", ""default"": ""''"", ""line"": 15556}, {""key"": ""'target_arch'"", ""default"": ""'x64'"", ""line"": 15557}, {""key"": ""'exploit_type'"", ""default"": ""'poc'"", ""line"": 15558}, {""key"": ""'evasion_level'"", ""default"": ""'none'"", ""line"": 15559}, {""key"": ""'target_ip'"", ""default"": ""'192.168.1.100'"", ""line"": 15567}, {""key"": ""'target_port'"", ""default"": ""80"", ""line"": 15568}, {""key"": ""'target_description'"", ""default"": ""f'Target for {cve_id}'"", ""line"": 15569}]"
hexstrike_server.py,15624,discover_attack_chains,/api/vuln-intel/attack-chains,not_ported,POST,"[{""key"": ""'target_software'"", ""default"": ""''"", ""line"": 15628}, {""key"": ""'attack_depth'"", ""default"": ""3"", ""line"": 15629}, {""key"": ""'include_zero_days'"", ""default"": ""False"", ""line"": 15630}]"
hexstrike_server.py,15701,threat_intelligence_feeds,/api/vuln-intel/threat-feeds,not_ported,POST,"[{""key"": ""'indicators'"", ""default"": ""[]"", ""line"": 15705}, {""key"": ""'timeframe'"", ""default"": ""'30d'"", ""line"": 15706}, {""key"": ""'sources'"", ""default"": ""'all'"", ""line"": 15707}]"
hexstrike_server.py,15836,zero_day_research,/api/vuln-intel/zero-day-research,not_ported,POST,"[{""key"": ""'target_software'"", ""default"": ""''"", ""line"": 15840}, {""key"": ""'analysis_depth'"", ""default"": ""'standard'"", ""line"": 15841}, {""key"": ""'source_code_url'"", ""default"": ""''"", ""line"": 15842}]"
hexstrike_server.py,15975,advanced_payload_generation,/api/ai/advanced-payload-generation,not_ported,POST,"[{""key"": ""'attack_type'"", ""default"": ""'rce'"", ""line"": 15979}, {""key"": ""'target_context'"", ""default"": ""''"", ""line"": 15980}, {""key"": ""'evasion_level'"", ""default"": ""'standard'"", ""line"": 15981}, {""key"": ""'custom_constraints'"", ""default"": ""''"", ""line"": 15982}]"
hexstrike_server.py,16117,create_ctf_challenge_workflow,/api/ctf/create-challenge-workflow,not_ported,POST,"[{""key"": ""'name'"", ""default"": ""''"", ""line"": 16121}, {""key"": ""'category'"", ""default"": ""'misc'"", ""line"": 16122}, {""key"": ""'difficulty'"", ""default"": ""'unknown'"", ""line"": 16123}, {""key"": ""'points'"", ""default"": ""100"", ""line"": 16124}, {""key"": ""'description'"", ""default"": ""''"", ""line"": 16125}, {""key"": ""'target'"", ""default"": ""''"", ""line"": 16126}]"
hexstrike_server.py,16157,auto_solve_ctf_challenge,/api/ctf/auto-solve-challenge,not_ported,POST,"[{""key"": ""'name'"", ""default"": ""''"", ""line"": 16161}, {""key"": ""'category'"", ""default"": ""'misc'"", ""line"": 16162}, {""key"": ""'difficulty'"", ""default"": ""'unknown'"", ""line"": 16163}, {""key"": ""'points'"", ""default"": ""100"", ""line"": 16164}, {""key"": ""'description'"", ""default"": ""''"", ""line"": 16165}, {""key"": ""'target'"", ""default"": ""''"", ""line"": 16166}]"
hexstrike_server.py,16197,create_ctf_team_strategy,/api/ctf/team-strategy,not_ported,POST,"[{""key"": ""'challenges'"", ""default"": ""[]"", ""line"": 16201}, {""key"": ""'team_skills'"", ""default"": ""{}"", ""line"": 16202}]"
hexstrike_server.py,16237,suggest_ctf_tools,/api/ctf/suggest-tools,not_ported,POST,"[{""key"": ""'description'"", ""default"": ""''"", ""line"": 16241}, {""key"": ""'category'"", ""default"": ""'misc'"", ""line"": 16242}]"
hexstrike_server.py,16274,ctf_cryptography_solver,/api/ctf/cryptography-solver,not_ported,POST,"[{""key"": ""'cipher_text'"", ""default"": ""''"", ""line"": 16278}, {""key"": ""'cipher_type'"", ""default"": ""'unknown'"", ""line"": 16279}, {""key"": ""'key_hint'"", ""default"": ""''"", ""line"": 16280}, {""key"": ""'known_plaintext'"", ""default"": ""''"", ""line"": 16281}, {""key"": ""'additional_info'"", ""default"": ""''"", ""line"": 16282}]"
hexstrike_server.py,16372,ctf_forensics_analyzer,/api/ctf/forensics-analyzer,not_ported,POST,"[{""key"": ""'file_path'"", ""default"": ""''"", ""line"": 16376}, {""key"": ""'analysis_type'"", ""default"": ""'comprehensive'"", ""line"": 16377}, {""key"": ""'extract_hidden'"", ""default"": ""True"", ""line"": 16378}, {""key"": ""'check_steganography'"", ""default"": ""True"", ""line"": 16379}]"
hexstrike_server.py,16515,ctf_binary_analyzer,/api/ctf/binary-analyzer,not_ported,POST,"[{""key"": ""'binary_path'"", ""default"": ""''"", ""line"": 16519}, {""key"": ""'analysis_depth'"", ""default"": ""'comprehensive'"", ""line"": 16520}, {""key"": ""'check_protections'"", ""default"": ""True"", ""line"": 16521}, {""key"": ""'find_gadgets'"", ""default"": ""True"", ""line"": 16522}]"
hexstrike_server.py,16695,execute_command_async,/api/process/execute-async,not_ported,POST,"[{""key"": ""'command'"", ""default"": ""''"", ""line"": 16699}, {""key"": ""'context'"", ""default"": ""{}"", ""line"": 16700}]"
hexstrike_server.py,16722,get_async_task_result,/api/process/get-task-result/<task_id>,not_ported,GET,[]
hexstrike_server.py,16743,get_process_pool_stats,/api/process/pool-stats,not_ported,GET,[]
hexstrike_server.py,16760,get_cache_stats,/api/process/cache-stats,not_ported,GET,[]
hexstrike_server.py,16777,clear_process_cache,/api/process/clear-cache,not_ported,POST,[]
hexstrike_server.py,16794,get_resource_usage,/api/process/resource-usage,not_ported,GET,[]
hexstrike_server.py,16813,get_performance_dashboard,/api/process/performance-dashboard,not_ported,GET,[]
hexstrike_server.py,16846,terminate_process_gracefully,/api/process/terminate-gracefully/<int:pid>,not_ported,POST,"[{""key"": ""'timeout'"", ""default"": ""30"", ""line"": 16850}]"
hexstrike_server.py,16875,configure_auto_scaling,/api/process/auto-scaling,not_ported,POST,"[{""key"": ""'enabled'"", ""default"": ""True"", ""line"": 16879}, {""key"": ""'thresholds'"", ""default"": ""{}"", ""line"": 16880}]"
hexstrike_server.py,16901,manual_scale_pool,/api/process/scale-pool,not_ported,POST,"[{""key"": ""'action'"", ""default"": ""''"", ""line"": 16905}, {""key"": ""'count'"", ""default"": ""1"", ""line"": 16906}]"
hexstrike_server.py,16945,process_health_check,/api/process/health-check,not_ported,GET,[]
hexstrike_server.py,17045,get_error_statistics,/api/error-handling/statistics,not_ported,GET,[]
hexstrike_server.py,17059,test_error_recovery,/api/error-handling/test-recovery,not_ported,POST,[]
hexstrike_server.py,17105,get_fallback_chains,/api/error-handling/fallback-chains,not_ported,GET,"[{""key"": ""'operation'"", ""default"": ""''"", ""line"": 17108}]"
hexstrike_server.py,17133,execute_with_recovery_endpoint,/api/error-handling/execute-with-recovery,not_ported,POST,[]
hexstrike_server.py,17166,classify_error_endpoint,/api/error-handling/classify-error,not_ported,POST,[]
hexstrike_server.py,17198,get_parameter_adjustments,/api/error-handling/parameter-adjustments,not_ported,POST,[]
hexstrike_server.py,17231,get_alternative_tools,/api/error-handling/alternative-tools,not_ported,GET,"[{""key"": ""'tool_name'"", ""default"": ""''"", ""line"": 17234}]"
