file,line,name,signature,http_calls,doc,status
hexstrike_mcp.py,284,nmap_scan,"target: str, scan_type: str='-sV', ports: str='', additional_args: str=''","[""'api/tools/nmap'""]",Execute an enhanced Nmap scan against a target with real-time logging.,inventoried_not_ported
hexstrike_mcp.py,327,gobuster_scan,"url: str, mode: str='dir', wordlist: str='/usr/share/wordlists/dirb/common.txt', additional_args: str=''","[""'api/tools/gobuster'""]","Execute Gobuster to find directories, DNS subdomains, or virtual hosts with enhanced logging.",inventoried_not_ported
hexstrike_mcp.py,371,nuclei_scan,"target: str, severity: str='', tags: str='', template: str='', additional_args: str=''","[""'api/tools/nuclei'""]",Execute Nuclei vulnerability scanner with enhanced logging and real-time progress.,inventoried_not_ported
hexstrike_mcp.py,422,prowler_scan,"provider: str='aws', profile: str='default', region: str='', checks: str='', output_dir: str='/tmp/prowler_output', output_format: str='json', additional_args: str=''","[""'api/tools/prowler'""]",Execute Prowler for comprehensive cloud security assessment.,inventoried_not_ported
hexstrike_mcp.py,456,trivy_scan,"scan_type: str='image', target: str='', output_format: str='json', severity: str='', output_file: str='', additional_args: str=''","[""'api/tools/trivy'""]",Execute Trivy for container and filesystem vulnerability scanning.,inventoried_not_ported
hexstrike_mcp.py,492,scout_suite_assessment,"provider: str='aws', profile: str='default', report_dir: str='/tmp/scout-suite', services: str='', exceptions: str='', additional_args: str=''","[""'api/tools/scout-suite'""]",Execute Scout Suite for multi-cloud security assessment.,inventoried_not_ported
hexstrike_mcp.py,526,cloudmapper_analysis,"action: str='collect', account: str='', config: str='config.json', additional_args: str=''","[""'api/tools/cloudmapper'""]",Execute CloudMapper for AWS network visualization and security analysis.,inventoried_not_ported
hexstrike_mcp.py,555,pacu_exploitation,"session_name: str='hexstrike_session', modules: str='', data_services: str='', regions: str='', additional_args: str=''","[""'api/tools/pacu'""]",Execute Pacu for AWS exploitation framework.,inventoried_not_ported
hexstrike_mcp.py,587,kube_hunter_scan,"target: str='', remote: str='', cidr: str='', interface: str='', active: bool=False, report: str='json', additional_args: str=''","[""'api/tools/kube-hunter'""]",Execute kube-hunter for Kubernetes penetration testing.,inventoried_not_ported
hexstrike_mcp.py,623,kube_bench_cis,"targets: str='', version: str='', config_dir: str='', output_format: str='json', additional_args: str=''","[""'api/tools/kube-bench'""]",Execute kube-bench for CIS Kubernetes benchmark checks.,inventoried_not_ported
hexstrike_mcp.py,654,docker_bench_security_scan,"checks: str='', exclude: str='', output_file: str='/tmp/docker-bench-results.json', additional_args: str=''","[""'api/tools/docker-bench-security'""]",Execute Docker Bench for Security for Docker security assessment.,inventoried_not_ported
hexstrike_mcp.py,684,clair_vulnerability_scan,"image: str, config: str='/etc/clair/config.yaml', output_format: str='json', additional_args: str=''","[""'api/tools/clair'""]",Execute Clair for container vulnerability analysis.,inventoried_not_ported
hexstrike_mcp.py,713,falco_runtime_monitoring,"config_file: str='/etc/falco/falco.yaml', rules_file: str='', output_format: str='json', duration: int=60, additional_args: str=''","[""'api/tools/falco'""]",Execute Falco for runtime security monitoring.,inventoried_not_ported
hexstrike_mcp.py,745,checkov_iac_scan,"directory: str='.', framework: str='', check: str='', skip_check: str='', output_format: str='json', additional_args: str=''","[""'api/tools/checkov'""]",Execute Checkov for infrastructure as code security scanning.,inventoried_not_ported
hexstrike_mcp.py,779,terrascan_iac_scan,"scan_type: str='all', iac_dir: str='.', policy_type: str='', output_format: str='json', severity: str='', additional_args: str=''","[""'api/tools/terrascan'""]",Execute Terrascan for infrastructure as code security scanning.,inventoried_not_ported
hexstrike_mcp.py,817,create_file,"filename: str, content: str, binary: bool=False","[""'api/files/create'""]",Create a file with specified content on the HexStrike server.,inventoried_not_ported
hexstrike_mcp.py,843,modify_file,"filename: str, content: str, append: bool=False","[""'api/files/modify'""]",Modify an existing file on the HexStrike server.,inventoried_not_ported
hexstrike_mcp.py,869,delete_file,filename: str,"[""'api/files/delete'""]",Delete a file or directory on the HexStrike server.,inventoried_not_ported
hexstrike_mcp.py,891,list_files,directory: str='.',"[""'api/files/list'""]",List files in a directory on the HexStrike server.,inventoried_not_ported
hexstrike_mcp.py,911,generate_payload,"payload_type: str='buffer', size: int=1024, pattern: str='A', filename: str=''","[""'api/payloads/generate'""]",Generate large payloads for testing and exploitation.,inventoried_not_ported
hexstrike_mcp.py,945,install_python_package,"package: str, env_name: str='default'","[""'api/python/install'""]",Install a Python package in a virtual environment on the HexStrike server.,inventoried_not_ported
hexstrike_mcp.py,969,execute_python_script,"script: str, env_name: str='default', filename: str=''","[""'api/python/execute'""]",Execute a Python script in a virtual environment on the HexStrike server.,inventoried_not_ported
hexstrike_mcp.py,1001,dirb_scan,"url: str, wordlist: str='/usr/share/wordlists/dirb/common.txt', additional_args: str=''","[""'api/tools/dirb'""]",Execute Dirb for directory brute forcing with enhanced logging.,inventoried_not_ported
hexstrike_mcp.py,1027,nikto_scan,"target: str, additional_args: str=''","[""'api/tools/nikto'""]",Execute Nikto web vulnerability scanner with enhanced logging.,inventoried_not_ported
hexstrike_mcp.py,1051,sqlmap_scan,"url: str, data: str='', additional_args: str=''","[""'api/tools/sqlmap'""]",Execute SQLMap for SQL injection testing with enhanced logging.,inventoried_not_ported
hexstrike_mcp.py,1077,metasploit_run,"module: str, options: Dict[str, Any]={}","[""'api/tools/metasploit'""]",Execute a Metasploit module with enhanced logging.,inventoried_not_ported
hexstrike_mcp.py,1101,hydra_attack,"target: str, service: str, username: str='', username_file: str='', password: str='', password_file: str='', additional_args: str=''","[""'api/tools/hydra'""]",Execute Hydra for password brute forcing with enhanced logging.,inventoried_not_ported
hexstrike_mcp.py,1143,john_crack,"hash_file: str, wordlist: str='/usr/share/wordlists/rockyou.txt', format_type: str='', additional_args: str=''","[""'api/tools/john'""]",Execute John the Ripper for password cracking with enhanced logging.,inventoried_not_ported
hexstrike_mcp.py,1176,wpscan_analyze,"url: str, additional_args: str=''","[""'api/tools/wpscan'""]",Execute WPScan for WordPress vulnerability scanning with enhanced logging.,inventoried_not_ported
hexstrike_mcp.py,1200,enum4linux_scan,"target: str, additional_args: str='-a'","[""'api/tools/enum4linux'""]",Execute Enum4linux for SMB enumeration with enhanced logging.,inventoried_not_ported
hexstrike_mcp.py,1224,ffuf_scan,"url: str, wordlist: str='/usr/share/wordlists/dirb/common.txt', mode: str='directory', match_codes: str='200,204,301,302,307,401,403', additional_args: str=''","[""'api/tools/ffuf'""]",Execute FFuf for web fuzzing with enhanced logging.,inventoried_not_ported
hexstrike_mcp.py,1254,netexec_scan,"target: str, protocol: str='smb', username: str='', password: str='', hash_value: str='', module: str='', additional_args: str=''","[""'api/tools/netexec'""]",Execute NetExec (formerly CrackMapExec) for network enumeration with enhanced logging.,inventoried_not_ported
hexstrike_mcp.py,1288,amass_scan,"domain: str, mode: str='enum', additional_args: str=''","[""'api/tools/amass'""]",Execute Amass for subdomain enumeration with enhanced logging.,inventoried_not_ported
hexstrike_mcp.py,1314,hashcat_crack,"hash_file: str, hash_type: str, attack_mode: str='0', wordlist: str='/usr/share/wordlists/rockyou.txt', mask: str='', additional_args: str=''","[""'api/tools/hashcat'""]",Execute Hashcat for advanced password cracking with enhanced logging.,inventoried_not_ported
hexstrike_mcp.py,1346,subfinder_scan,"domain: str, silent: bool=True, all_sources: bool=False, additional_args: str=''","[""'api/tools/subfinder'""]",Execute Subfinder for passive subdomain enumeration with enhanced logging.,inventoried_not_ported
hexstrike_mcp.py,1374,smbmap_scan,"target: str, username: str='', password: str='', domain: str='', additional_args: str=''","[""'api/tools/smbmap'""]",Execute SMBMap for SMB share enumeration with enhanced logging.,inventoried_not_ported
hexstrike_mcp.py,1408,rustscan_fast_scan,"target: str, ports: str='', ulimit: int=5000, batch_size: int=4500, timeout: int=1500, scripts: bool=False, additional_args: str=''","[""'api/tools/rustscan'""]",Execute Rustscan for ultra-fast port scanning with enhanced logging.,inventoried_not_ported
hexstrike_mcp.py,1444,masscan_high_speed,"target: str, ports: str='1-65535', rate: int=1000, interface: str='', router_mac: str='', source_ip: str='', banners: bool=False, additional_args: str=''","[""'api/tools/masscan'""]",Execute Masscan for high-speed Internet-scale port scanning with intelligent rate limiting.,inventoried_not_ported
hexstrike_mcp.py,1482,nmap_advanced_scan,"target: str, scan_type: str='-sS', ports: str='', timing: str='T4', nse_scripts: str='', os_detection: bool=False, version_detection: bool=False, aggressive: bool=False, stealth: bool=False, additional_args: str=''","[""'api/tools/nmap-advanced'""]",Execute advanced Nmap scans with custom NSE scripts and optimized timing.,inventoried_not_ported
hexstrike_mcp.py,1525,autorecon_comprehensive,"target: str, output_dir: str='/tmp/autorecon', port_scans: str='top-100-ports', service_scans: str='default', heartbeat: int=60, timeout: int=300, additional_args: str=''","[""'api/tools/autorecon'""]",Execute AutoRecon for comprehensive automated reconnaissance.,inventoried_not_ported
hexstrike_mcp.py,1562,enum4linux_ng_advanced,"target: str, username: str='', password: str='', domain: str='', shares: bool=True, users: bool=True, groups: bool=True, policy: bool=True, additional_args: str=''","[""'api/tools/enum4linux-ng'""]",Execute Enum4linux-ng for advanced SMB enumeration with enhanced logging.,inventoried_not_ported
hexstrike_mcp.py,1603,rpcclient_enumeration,"target: str, username: str='', password: str='', domain: str='', commands: str='enumdomusers;enumdomgroups;querydominfo', additional_args: str=''","[""'api/tools/rpcclient'""]",Execute rpcclient for RPC enumeration with enhanced logging.,inventoried_not_ported
hexstrike_mcp.py,1637,nbtscan_netbios,"target: str, verbose: bool=False, timeout: int=2, additional_args: str=''","[""'api/tools/nbtscan'""]",Execute nbtscan for NetBIOS name scanning with enhanced logging.,inventoried_not_ported
hexstrike_mcp.py,1666,arp_scan_discovery,"target: str='', interface: str='', local_network: bool=False, timeout: int=500, retry: int=3, additional_args: str=''","[""'api/tools/arp-scan'""]",Execute arp-scan for network discovery with enhanced logging.,inventoried_not_ported
hexstrike_mcp.py,1699,responder_credential_harvest,"interface: str='eth0', analyze: bool=False, wpad: bool=True, force_wpad_auth: bool=False, fingerprint: bool=False, duration: int=300, additional_args: str=''","[""'api/tools/responder'""]",Execute Responder for credential harvesting with enhanced logging.,inventoried_not_ported
hexstrike_mcp.py,1736,volatility_analyze,"memory_file: str, plugin: str, profile: str='', additional_args: str=''","[""'api/tools/volatility'""]",Execute Volatility for memory forensics analysis with enhanced logging.,inventoried_not_ported
hexstrike_mcp.py,1764,msfvenom_generate,"payload: str, format_type: str='', output_file: str='', encoder: str='', iterations: str='', additional_args: str=''","[""'api/tools/msfvenom'""]",Execute MSFVenom for payload generation with enhanced logging.,inventoried_not_ported
hexstrike_mcp.py,1800,gdb_analyze,"binary: str, commands: str='', script_file: str='', additional_args: str=''","[""'api/tools/gdb'""]",Execute GDB for binary analysis and debugging with enhanced logging.,inventoried_not_ported
hexstrike_mcp.py,1828,radare2_analyze,"binary: str, commands: str='', additional_args: str=''","[""'api/tools/radare2'""]",Execute Radare2 for binary analysis and reverse engineering with enhanced logging.,inventoried_not_ported
hexstrike_mcp.py,1854,binwalk_analyze,"file_path: str, extract: bool=False, additional_args: str=''","[""'api/tools/binwalk'""]",Execute Binwalk for firmware and file analysis with enhanced logging.,inventoried_not_ported
hexstrike_mcp.py,1880,ropgadget_search,"binary: str, gadget_type: str='', additional_args: str=''","[""'api/tools/ropgadget'""]",Search for ROP gadgets in a binary using ROPgadget with enhanced logging.,inventoried_not_ported
hexstrike_mcp.py,1906,checksec_analyze,binary: str,"[""'api/tools/checksec'""]",Check security features of a binary with enhanced logging.,inventoried_not_ported
hexstrike_mcp.py,1928,xxd_hexdump,"file_path: str, offset: str='0', length: str='', additional_args: str=''","[""'api/tools/xxd'""]",Create a hex dump of a file using xxd with enhanced logging.,inventoried_not_ported
hexstrike_mcp.py,1956,strings_extract,"file_path: str, min_len: int=4, additional_args: str=''","[""'api/tools/strings'""]",Extract strings from a binary file with enhanced logging.,inventoried_not_ported
hexstrike_mcp.py,1982,objdump_analyze,"binary: str, disassemble: bool=True, additional_args: str=''","[""'api/tools/objdump'""]",Analyze a binary using objdump with enhanced logging.,inventoried_not_ported
hexstrike_mcp.py,2012,ghidra_analysis,"binary: str, project_name: str='hexstrike_analysis', script_file: str='', analysis_timeout: int=300, output_format: str='xml', additional_args: str=''","[""'api/tools/ghidra'""]",Execute Ghidra for advanced binary analysis and reverse engineering.,inventoried_not_ported
hexstrike_mcp.py,2046,pwntools_exploit,"script_content: str='', target_binary: str='', target_host: str='', target_port: int=0, exploit_type: str='local', additional_args: str=''","[""'api/tools/pwntools'""]",Execute Pwntools for exploit development and automation.,inventoried_not_ported
hexstrike_mcp.py,2080,one_gadget_search,"libc_path: str, level: int=1, additional_args: str=''","[""'api/tools/one-gadget'""]",Execute one_gadget to find one-shot RCE gadgets in libc.,inventoried_not_ported
hexstrike_mcp.py,2106,libc_database_lookup,"action: str='find', symbols: str='', libc_id: str='', additional_args: str=''","[""'api/tools/libc-database'""]",Execute libc-database for libc identification and offset lookup.,inventoried_not_ported
hexstrike_mcp.py,2135,gdb_peda_debug,"binary: str='', commands: str='', attach_pid: int=0, core_file: str='', additional_args: str=''","[""'api/tools/gdb-peda'""]",Execute GDB with PEDA for enhanced debugging and exploitation.,inventoried_not_ported
hexstrike_mcp.py,2166,angr_symbolic_execution,"binary: str, script_content: str='', find_address: str='', avoid_addresses: str='', analysis_type: str='symbolic', additional_args: str=''","[""'api/tools/angr'""]",Execute angr for symbolic execution and binary analysis.,inventoried_not_ported
hexstrike_mcp.py,2200,ropper_gadget_search,"binary: str, gadget_type: str='rop', quality: int=1, arch: str='', search_string: str='', additional_args: str=''","[""'api/tools/ropper'""]",Execute ropper for advanced ROP/JOP gadget searching.,inventoried_not_ported
hexstrike_mcp.py,2234,pwninit_setup,"binary: str, libc: str='', ld: str='', template_type: str='python', additional_args: str=''","[""'api/tools/pwninit'""]",Execute pwninit for CTF binary exploitation setup.,inventoried_not_ported
hexstrike_mcp.py,2265,feroxbuster_scan,"url: str, wordlist: str='/usr/share/wordlists/dirb/common.txt', threads: int=10, additional_args: str=''","[""'api/tools/feroxbuster'""]",Execute Feroxbuster for recursive content discovery with enhanced logging.,inventoried_not_ported
hexstrike_mcp.py,2293,dotdotpwn_scan,"target: str, module: str='http', additional_args: str=''","[""'api/tools/dotdotpwn'""]",Execute DotDotPwn for directory traversal testing with enhanced logging.,inventoried_not_ported
hexstrike_mcp.py,2319,xsser_scan,"url: str, params: str='', additional_args: str=''","[""'api/tools/xsser'""]",Execute XSSer for XSS vulnerability testing with enhanced logging.,inventoried_not_ported
hexstrike_mcp.py,2345,wfuzz_scan,"url: str, wordlist: str='/usr/share/wordlists/dirb/common.txt', additional_args: str=''","[""'api/tools/wfuzz'""]",Execute Wfuzz for web application fuzzing with enhanced logging.,inventoried_not_ported
hexstrike_mcp.py,2375,dirsearch_scan,"url: str, extensions: str='php,html,js,txt,xml,json', wordlist: str='/usr/share/wordlists/dirsearch/common.txt', threads: int=30, recursive: bool=False, additional_args: str=''","[""'api/tools/dirsearch'""]",Execute Dirsearch for advanced directory and file discovery with enhanced logging.,inventoried_not_ported
hexstrike_mcp.py,2409,katana_crawl,"url: str, depth: int=3, js_crawl: bool=True, form_extraction: bool=True, output_format: str='json', additional_args: str=''","[""'api/tools/katana'""]",Execute Katana for next-generation crawling and spidering with enhanced logging.,inventoried_not_ported
hexstrike_mcp.py,2443,gau_discovery,"domain: str, providers: str='wayback,commoncrawl,otx,urlscan', include_subs: bool=True, blacklist: str='png,jpg,gif,jpeg,swf,woff,svg,pdf,css,ico', additional_args: str=''","[""'api/tools/gau'""]",Execute Gau (Get All URLs) for URL discovery from multiple sources with enhanced logging.,inventoried_not_ported
hexstrike_mcp.py,2475,waybackurls_discovery,"domain: str, get_versions: bool=False, no_subs: bool=False, additional_args: str=''","[""'api/tools/waybackurls'""]",Execute Waybackurls for historical URL discovery with enhanced logging.,inventoried_not_ported
hexstrike_mcp.py,2504,arjun_parameter_discovery,"url: str, method: str='GET', wordlist: str='', delay: int=0, threads: int=25, stable: bool=False, additional_args: str=''","[""'api/tools/arjun'""]",Execute Arjun for HTTP parameter discovery with enhanced logging.,inventoried_not_ported
hexstrike_mcp.py,2540,paramspider_mining,"domain: str, level: int=2, exclude: str='png,jpg,gif,jpeg,swf,woff,svg,pdf,css,ico', output: str='', additional_args: str=''","[""'api/tools/paramspider'""]",Execute ParamSpider for parameter mining from web archives with enhanced logging.,inventoried_not_ported
hexstrike_mcp.py,2572,x8_parameter_discovery,"url: str, wordlist: str='/usr/share/wordlists/x8/params.txt', method: str='GET', body: str='', headers: str='', additional_args: str=''","[""'api/tools/x8'""]",Execute x8 for hidden parameter discovery with enhanced logging.,inventoried_not_ported
hexstrike_mcp.py,2606,jaeles_vulnerability_scan,"url: str, signatures: str='', config: str='', threads: int=20, timeout: int=20, additional_args: str=''","[""'api/tools/jaeles'""]",Execute Jaeles for advanced vulnerability scanning with custom signatures.,inventoried_not_ported
hexstrike_mcp.py,2640,dalfox_xss_scan,"url: str, pipe_mode: bool=False, blind: bool=False, mining_dom: bool=True, mining_dict: bool=True, custom_payload: str='', additional_args: str=''","[""'api/tools/dalfox'""]",Execute Dalfox for advanced XSS vulnerability scanning with enhanced logging.,inventoried_not_ported
hexstrike_mcp.py,2676,httpx_probe,"target: str, probe: bool=True, tech_detect: bool=False, status_code: bool=False, content_length: bool=False, title: bool=False, web_server: bool=False, threads: int=50, additional_args: str=''","[""'api/tools/httpx'""]",Execute httpx for fast HTTP probing and technology detection.,inventoried_not_ported
hexstrike_mcp.py,2717,anew_data_processing,"input_data: str, output_file: str='', additional_args: str=''","[""'api/tools/anew'""]",Execute anew for appending new lines to files (useful for data processing).,inventoried_not_ported
hexstrike_mcp.py,2744,qsreplace_parameter_replacement,"urls: str, replacement: str='FUZZ', additional_args: str=''","[""'api/tools/qsreplace'""]",Execute qsreplace for query string parameter replacement.,inventoried_not_ported
hexstrike_mcp.py,2771,uro_url_filtering,"urls: str, whitelist: str='', blacklist: str='', additional_args: str=''","[""'api/tools/uro'""]",Execute uro for filtering out similar URLs.,inventoried_not_ported
hexstrike_mcp.py,2804,ai_generate_payload,"attack_type: str, complexity: str='basic', technology: str='', url: str=''","[""'api/ai/generate_payload'""]",Generate AI-powered contextual payloads for security testing.,inventoried_not_ported
hexstrike_mcp.py,2845,ai_test_payload,"payload: str, target_url: str, method: str='GET'","[""'api/ai/test_payload'""]",Test generated payload against target with AI analysis.,inventoried_not_ported
hexstrike_mcp.py,2880,ai_generate_attack_suite,"target_url: str, attack_types: str='xss,sqli,lfi'",[],Generate comprehensive attack suite with multiple payload types.,inventoried_not_ported
hexstrike_mcp.py,2941,api_fuzzer,"base_url: str, endpoints: str='', methods: str='GET,POST,PUT,DELETE', wordlist: str='/usr/share/wordlists/api/api-endpoints.txt'","[""'api/tools/api_fuzzer'""]",Advanced API endpoint fuzzing with intelligent parameter discovery.,inventoried_not_ported
hexstrike_mcp.py,2977,graphql_scanner,"endpoint: str, introspection: bool=True, query_depth: int=10, test_mutations: bool=True","[""'api/tools/graphql_scanner'""]",Advanced GraphQL security scanning and introspection.,inventoried_not_ported
hexstrike_mcp.py,3019,jwt_analyzer,"jwt_token: str, target_url: str=''","[""'api/tools/jwt_analyzer'""]",Advanced JWT token analysis and vulnerability testing.,inventoried_not_ported
hexstrike_mcp.py,3058,api_schema_analyzer,"schema_url: str, schema_type: str='openapi'","[""'api/tools/api_schema_analyzer'""]",Analyze API schemas and identify potential security issues.,inventoried_not_ported
hexstrike_mcp.py,3103,comprehensive_api_audit,"base_url: str, schema_url: str='', jwt_token: str='', graphql_endpoint: str=''",[],Comprehensive API security audit combining multiple testing techniques.,inventoried_not_ported
hexstrike_mcp.py,3201,volatility3_analyze,"memory_file: str, plugin: str, output_file: str='', additional_args: str=''","[""'api/tools/volatility3'""]",Execute Volatility3 for advanced memory forensics with enhanced logging.,inventoried_not_ported
hexstrike_mcp.py,3229,foremost_carving,"input_file: str, output_dir: str='/tmp/foremost_output', file_types: str='', additional_args: str=''","[""'api/tools/foremost'""]",Execute Foremost for file carving with enhanced logging.,inventoried_not_ported
hexstrike_mcp.py,3257,steghide_analysis,"action: str, cover_file: str, embed_file: str='', passphrase: str='', output_file: str='', additional_args: str=''","[""'api/tools/steghide'""]",Execute Steghide for steganography analysis with enhanced logging.,inventoried_not_ported
hexstrike_mcp.py,3289,exiftool_extract,"file_path: str, output_format: str='', tags: str='', additional_args: str=''","[""'api/tools/exiftool'""]",Execute ExifTool for metadata extraction with enhanced logging.,inventoried_not_ported
hexstrike_mcp.py,3317,hashpump_attack,"signature: str, data: str, key_length: str, append_data: str, additional_args: str=''","[""'api/tools/hashpump'""]",Execute HashPump for hash length extension attacks with enhanced logging.,inventoried_not_ported
hexstrike_mcp.py,3351,hakrawler_crawl,"url: str, depth: int=2, forms: bool=True, robots: bool=True, sitemap: bool=True, wayback: bool=False, additional_args: str=''","[""'api/tools/hakrawler'""]",Execute Hakrawler for web endpoint discovery with enhanced logging.,inventoried_not_ported
hexstrike_mcp.py,3392,httpx_probe,"targets: str='', target_file: str='', ports: str='', methods: str='GET', status_code: str='', content_length: bool=False, output_file: str='', additional_args: str=''","[""'api/tools/httpx'""]",Execute HTTPx for HTTP probing with enhanced logging.,inventoried_not_ported
hexstrike_mcp.py,3428,paramspider_discovery,"domain: str, exclude: str='', output_file: str='', level: int=2, additional_args: str=''","[""'api/tools/paramspider'""]",Execute ParamSpider for parameter discovery with enhanced logging.,inventoried_not_ported
hexstrike_mcp.py,3462,burpsuite_scan,"project_file: str='', config_file: str='', target: str='', headless: bool=False, scan_type: str='', scan_config: str='', output_file: str='', additional_args: str=''","[""'api/tools/burpsuite'""]",Execute Burp Suite with enhanced logging.,inventoried_not_ported
hexstrike_mcp.py,3498,zap_scan,"target: str='', scan_type: str='baseline', api_key: str='', daemon: bool=False, port: str='8090', host: str='0.0.0.0', format_type: str='xml', output_file: str='', additional_args: str=''","[""'api/tools/zap'""]",Execute OWASP ZAP with enhanced logging.,inventoried_not_ported
hexstrike_mcp.py,3536,arjun_scan,"url: str, method: str='GET', data: str='', headers: str='', timeout: str='', output_file: str='', additional_args: str=''","[""'api/tools/arjun'""]",Execute Arjun for parameter discovery with enhanced logging.,inventoried_not_ported
hexstrike_mcp.py,3570,wafw00f_scan,"target: str, additional_args: str=''","[""'api/tools/wafw00f'""]",Execute wafw00f to identify and fingerprint WAF products with enhanced logging.,inventoried_not_ported
hexstrike_mcp.py,3594,fierce_scan,"domain: str, dns_server: str='', additional_args: str=''","[""'api/tools/fierce'""]",Execute fierce for DNS reconnaissance with enhanced logging.,inventoried_not_ported
hexstrike_mcp.py,3620,dnsenum_scan,"domain: str, dns_server: str='', wordlist: str='', additional_args: str=''","[""'api/tools/dnsenum'""]",Execute dnsenum for DNS enumeration with enhanced logging.,inventoried_not_ported
hexstrike_mcp.py,3648,autorecon_scan,"target: str='', target_file: str='', ports: str='', output_dir: str='', max_scans: str='', max_port_scans: str='', heartbeat: str='', timeout: str='', target_timeout: str='', config_file: str='', global_file: str='', plugins_dir: str='', add_plugins_dir: str='', tags: str='', exclude_tags: str='', port_scans: str='', service_scans: str='', reports: str='', single_target: bool=False, only_scans_dir: bool=False, no_port_dirs: bool=False, nmap: str='', nmap_append: str='', proxychains: bool=False, disable_sanity_checks: bool=False, disable_keyboard_control: bool=False, force_services: str='', accessible: bool=False, verbose: int=0, curl_path: str='', dirbuster_tool: str='', dirbuster_wordlist: str='', dirbuster_threads: str='', dirbuster_ext: str='', onesixtyone_community_strings: str='', global_username_wordlist: str='', global_password_wordlist: str='', global_domain: str='', additional_args: str=''","[""'api/tools/autorecon'""]",Execute AutoRecon for comprehensive target enumeration with full parameter support.,inventoried_not_ported
hexstrike_mcp.py,3790,server_health,,[],Check the health status of the HexStrike AI server.,inventoried_not_ported
hexstrike_mcp.py,3806,get_cache_stats,,"[""'api/cache/stats'""]",Get cache statistics from the HexStrike AI server.,inventoried_not_ported
hexstrike_mcp.py,3820,clear_cache,,"[""'api/cache/clear'""]",Clear the cache on the HexStrike AI server.,inventoried_not_ported
hexstrike_mcp.py,3836,get_telemetry,,"[""'api/telemetry'""]",Get system telemetry from the HexStrike AI server.,inventoried_not_ported
hexstrike_mcp.py,3854,list_active_processes,,"[""'api/processes/list'""]",List all active processes on the HexStrike AI server.,inventoried_not_ported
hexstrike_mcp.py,3870,get_process_status,pid: int,"[""f'api/processes/status/{pid}'""]",Get the status of a specific process.,inventoried_not_ported
hexstrike_mcp.py,3889,terminate_process,pid: int,"[""f'api/processes/terminate/{pid}'""]",Terminate a specific running process.,inventoried_not_ported
hexstrike_mcp.py,3908,pause_process,pid: int,"[""f'api/processes/pause/{pid}'""]",Pause a specific running process.,inventoried_not_ported
hexstrike_mcp.py,3927,resume_process,pid: int,"[""f'api/processes/resume/{pid}'""]",Resume a paused process.,inventoried_not_ported
hexstrike_mcp.py,3946,get_process_dashboard,,"[""'api/processes/dashboard'""]",Get enhanced process dashboard with visual status indicators.,inventoried_not_ported
hexstrike_mcp.py,3969,execute_command,"command: str, use_cache: bool=True",[],Execute an arbitrary command on the HexStrike AI server with enhanced logging.,inventoried_not_ported
hexstrike_mcp.py,4013,monitor_cve_feeds,"hours: int=24, severity_filter: str='HIGH,CRITICAL', keywords: str=''","[""'api/vuln-intel/cve-monitor'""]",Monitor CVE databases for new vulnerabilities with AI analysis.,inventoried_not_ported
hexstrike_mcp.py,4044,generate_exploit_from_cve,"cve_id: str, target_os: str='', target_arch: str='x64', exploit_type: str='poc', evasion_level: str='none'","[""'api/vuln-intel/exploit-generate'""]",Generate working exploits from CVE information using AI-powered analysis.,inventoried_not_ported
hexstrike_mcp.py,4083,discover_attack_chains,"target_software: str, attack_depth: int=3, include_zero_days: bool=False","[""'api/vuln-intel/attack-chains'""]",Discover multi-stage attack chains for target software with vulnerability correlation.,inventoried_not_ported
hexstrike_mcp.py,4117,research_zero_day_opportunities,"target_software: str, analysis_depth: str='standard', source_code_url: str=''","[""'api/vuln-intel/zero-day-research'""]",Automated zero-day vulnerability research using AI analysis and pattern recognition.,inventoried_not_ported
hexstrike_mcp.py,4154,correlate_threat_intelligence,"indicators: str, timeframe: str='30d', sources: str='all'","[""'api/vuln-intel/threat-feeds'""]",Correlate threat intelligence across multiple sources with advanced analysis.,inventoried_not_ported
hexstrike_mcp.py,4200,advanced_payload_generation,"attack_type: str, target_context: str='', evasion_level: str='standard', custom_constraints: str=''","[""'api/ai/advanced-payload-generation'""]",Generate advanced payloads with AI-powered evasion techniques and contextual adaptation.,inventoried_not_ported
hexstrike_mcp.py,4248,vulnerability_intelligence_dashboard,,"[""'api/vuln-intel/cve-monitor'"", ""'api/vuln-intel/zero-day-research'""]",Get a comprehensive vulnerability intelligence dashboard with latest threats and trends.,inventoried_not_ported
hexstrike_mcp.py,4302,threat_hunting_assistant,"target_environment: str, threat_indicators: str='', hunt_focus: str='general'",[],AI-powered threat hunting assistant with vulnerability correlation and attack simulation.,inventoried_not_ported
hexstrike_mcp.py,4412,get_live_dashboard,,"[""'api/processes/dashboard'""]",Get a beautiful live dashboard showing all active processes with enhanced visual formatting.,inventoried_not_ported
hexstrike_mcp.py,4428,create_vulnerability_report,"vulnerabilities: str, target: str='', scan_type: str='comprehensive'","[""'api/visual/summary-report'"", ""'api/visual/vulnerability-card'""]",Create a beautiful vulnerability report with severity-based styling and visual indicators.,inventoried_not_ported
hexstrike_mcp.py,4482,format_tool_output_visual,"tool_name: str, output: str, success: bool=True","[""'api/visual/tool-output'""]","Format tool output with beautiful visual styling, syntax highlighting, and structure.",inventoried_not_ported
hexstrike_mcp.py,4511,create_scan_summary,"target: str, tools_used: str, vulnerabilities_found: int=0, execution_time: float=0.0, findings: str=''","[""'api/visual/summary-report'""]",Create a comprehensive scan summary report with beautiful visual formatting.,inventoried_not_ported
hexstrike_mcp.py,4547,display_system_metrics,,"[""'api/telemetry'""]",Display current system metrics and performance indicators with visual formatting.,inventoried_not_ported
hexstrike_mcp.py,4596,analyze_target_intelligence,target: str,"[""'api/intelligence/analyze-target'""]",Analyze target using AI-powered intelligence to create comprehensive profile.,inventoried_not_ported
hexstrike_mcp.py,4620,select_optimal_tools_ai,"target: str, objective: str='comprehensive'","[""'api/intelligence/select-tools'""]",Use AI to select optimal security tools based on target analysis and testing objective.,inventoried_not_ported
hexstrike_mcp.py,4648,optimize_tool_parameters_ai,"target: str, tool: str, context: str='{}'","[""'api/intelligence/optimize-parameters'""]",Use AI to optimize tool parameters based on target profile and context.,inventoried_not_ported
hexstrike_mcp.py,4685,create_attack_chain_ai,"target: str, objective: str='comprehensive'","[""'api/intelligence/create-attack-chain'""]",Create an intelligent attack chain using AI-driven tool sequencing and optimization.,inventoried_not_ported
hexstrike_mcp.py,4717,intelligent_smart_scan,"target: str, objective: str='comprehensive', max_tools: int=5","[""'api/intelligence/smart-scan'""]",Execute an intelligent scan using AI-driven tool selection and parameter optimization.,inventoried_not_ported
hexstrike_mcp.py,4770,detect_technologies_ai,target: str,"[""'api/intelligence/technology-detection'""]",Use AI to detect technologies and provide technology-specific testing recommendations.,inventoried_not_ported
hexstrike_mcp.py,4802,ai_reconnaissance_workflow,"target: str, depth: str='standard'","[""'api/intelligence/analyze-target'"", ""'api/intelligence/create-attack-chain'"", ""'api/intelligence/smart-scan'""]",Execute AI-driven reconnaissance workflow with intelligent tool chaining.,inventoried_not_ported
hexstrike_mcp.py,4851,ai_vulnerability_assessment,"target: str, focus_areas: str='all'","[""'api/intelligence/analyze-target'"", ""'api/intelligence/smart-scan'""]",Perform AI-driven vulnerability assessment with intelligent prioritization.,inventoried_not_ported
hexstrike_mcp.py,4911,bugbounty_reconnaissance_workflow,"domain: str, scope: str='', out_of_scope: str='', program_type: str='web'","[""'api/bugbounty/reconnaissance-workflow'""]",Create comprehensive reconnaissance workflow for bug bounty hunting.,inventoried_not_ported
hexstrike_mcp.py,4944,bugbounty_vulnerability_hunting,"domain: str, priority_vulns: str='rce,sqli,xss,idor,ssrf', bounty_range: str='unknown'","[""'api/bugbounty/vulnerability-hunting-workflow'""]",Create vulnerability hunting workflow prioritized by impact and bounty potential.,inventoried_not_ported
hexstrike_mcp.py,4975,bugbounty_business_logic_testing,"domain: str, program_type: str='web'","[""'api/bugbounty/business-logic-workflow'""]",Create business logic testing workflow for advanced bug bounty hunting.,inventoried_not_ported
hexstrike_mcp.py,5004,bugbounty_osint_gathering,domain: str,"[""'api/bugbounty/osint-workflow'""]",Create OSINT (Open Source Intelligence) gathering workflow for bug bounty reconnaissance.,inventoried_not_ported
hexstrike_mcp.py,5029,bugbounty_file_upload_testing,target_url: str,"[""'api/bugbounty/file-upload-testing'""]",Create file upload vulnerability testing workflow with bypass techniques.,inventoried_not_ported
hexstrike_mcp.py,5054,bugbounty_comprehensive_assessment,"domain: str, scope: str='', priority_vulns: str='rce,sqli,xss,idor,ssrf', include_osint: bool=True, include_business_logic: bool=True","[""'api/bugbounty/comprehensive-assessment'""]",Create comprehensive bug bounty assessment combining all specialized workflows.,inventoried_not_ported
hexstrike_mcp.py,5092,bugbounty_authentication_bypass_testing,"target_url: str, auth_type: str='form'",[],Create authentication bypass testing workflow for bug bounty hunting.,inventoried_not_ported
hexstrike_mcp.py,5157,http_framework_test,"url: str, method: str='GET', data: dict={}, headers: dict={}, cookies: dict={}, action: str='request'","[""'api/tools/http-framework'""]",Enhanced HTTP testing framework (Burp Suite alternative) for comprehensive web security testing.,inventoried_not_ported
hexstrike_mcp.py,5198,browser_agent_inspect,"url: str, headless: bool=True, wait_time: int=5, action: str='navigate', proxy_port: int=None, active_tests: bool=False","[""'api/tools/browser-agent'""]",AI-powered browser agent for comprehensive web application inspection and security analysis.,inventoried_not_ported
hexstrike_mcp.py,5246,http_set_rules,rules: list,"[""'api/tools/http-framework'""]",Set match/replace rules used to rewrite parts of URL/query/headers/body before sending.,inventoried_not_ported
hexstrike_mcp.py,5253,http_set_scope,"host: str, include_subdomains: bool=True","[""'api/tools/http-framework'""]",Define in-scope host (and optionally subdomains) so out-of-scope requests are skipped.,inventoried_not_ported
hexstrike_mcp.py,5259,http_repeater,request_spec: dict,"[""'api/tools/http-framework'""]","Send a crafted request (Burp Repeater equivalent). request_spec keys: url, method, headers, cookies, data.",inventoried_not_ported
hexstrike_mcp.py,5265,http_intruder,"url: str, method: str='GET', location: str='query', params: list=None, payloads: list=None, base_data: dict=None, max_requests: int=100","[""'api/tools/http-framework'""]",Simple Intruder (sniper) fuzzing. Iterates payloads over each param individually.,inventoried_not_ported
hexstrike_mcp.py,5282,burpsuite_alternative_scan,"target: str, scan_type: str='comprehensive', headless: bool=True, max_depth: int=3, max_pages: int=50","[""'api/tools/burpsuite-alternative'""]",Comprehensive Burp Suite alternative combining HTTP framework and browser agent for complete web security testing.,inventoried_not_ported
hexstrike_mcp.py,5343,error_handling_statistics,,"[""'api/error-handling/statistics'""]",Get intelligent error handling system statistics and recent error patterns.,inventoried_not_ported
hexstrike_mcp.py,5374,test_error_recovery,"tool_name: str, error_type: str='timeout', target: str='example.com'","[""'api/error-handling/test-recovery'""]",Test the intelligent error recovery system with simulated failures.,inventoried_not_ported
