pdf,page,candidate,url,status
Blue Team Tools.pdf,1,RedTeam-Tools,https://github.com/A-poc/RedTeam-Tools),"PDF mention, not verified executable"
Blue Team Tools.pdf,4,nuclei.git,https://github.com/projectdiscovery/nuclei.git;,"PDF mention, not verified executable"
Blue Team Tools.pdf,5,masscan,https://github.com/robertdavidgraham/masscan,"PDF mention, not verified executable"
Blue Team Tools.pdf,6,zmap,https://github.com/zmap/zmap),"PDF mention, not verified executable"
Blue Team Tools.pdf,6,zmap,https://github.com/zmap/zmap/releases).,"PDF mention, not verified executable"
Blue Team Tools.pdf,6,zmap,https://github.com/zmap/zmap/wiki).,"PDF mention, not verified executable"
Blue Team Tools.pdf,10,parsedmarc,https://github.com/domainaware/parsedmarc),"PDF mention, not verified executable"
Blue Team Tools.pdf,11,parsedmarc,https://github.com/domainaware/parsedmarc,"PDF mention, not verified executable"
Blue Team Tools.pdf,11,parsedmarc,https://github.com/domainaware/parsedmarc),"PDF mention, not verified executable"
Blue Team Tools.pdf,11,phishing_catcher,https://github.com/x0rz/phishing_catcher),"PDF mention, not verified executable"
Blue Team Tools.pdf,11,phishing_catcher,https://github.com/x0rz/phishing_catcher,"PDF mention, not verified executable"
Blue Team Tools.pdf,11,phishing_catcher,https://github.com/x0rz/phishing_catcher),"PDF mention, not verified executable"
Blue Team Tools.pdf,11,maltrail,https://github.com/stamparm/maltrail),"PDF mention, not verified executable"
Blue Team Tools.pdf,11,maltrail.git,https://github.com/stamparm/maltrail.git,"PDF mention, not verified executable"
Blue Team Tools.pdf,11,maltrail,https://github.com/stamparm/maltrail,"PDF mention, not verified executable"
Blue Team Tools.pdf,11,maltrail,https://github.com/stamparm/maltrail),"PDF mention, not verified executable"
Blue Team Tools.pdf,11,windows-event-forwarding,https://github.com/palantir/windows-event-forwarding/tree/master/AutorunsToWinEventLog),"PDF mention, not verified executable"
Blue Team Tools.pdf,12,windows-event-forwarding,https://github.com/palantir/windows-event-forwarding/tree/master/AutorunsToWinEventLog).,"PDF mention, not verified executable"
Blue Team Tools.pdf,12,procfilter,https://github.com/godaddy/procfilter),"PDF mention, not verified executable"
Blue Team Tools.pdf,12,yara,https://github.com/virustotal/yara),"PDF mention, not verified executable"
Blue Team Tools.pdf,12,procfilter,https://github.com/godaddy/procfilter/releases),"PDF mention, not verified executable"
Blue Team Tools.pdf,12,procfilter,https://github.com/godaddy/procfilter/blob/master/files/procfilter.ini).,"PDF mention, not verified executable"
Blue Team Tools.pdf,12,procfilter,https://github.com/godaddy/procfilter#screenshots).,"PDF mention, not verified executable"
Blue Team Tools.pdf,12,procfilter,https://github.com/godaddy/procfilter,"PDF mention, not verified executable"
Blue Team Tools.pdf,12,procfilter,https://github.com/godaddy/procfilter),"PDF mention, not verified executable"
Blue Team Tools.pdf,13,velociraptor,https://github.com/Velocidex/velociraptor),"PDF mention, not verified executable"
Blue Team Tools.pdf,13,velociraptor,https://github.com/Velocidex/velociraptor/releases).,"PDF mention, not verified executable"
Blue Team Tools.pdf,13,SysmonSearch,https://github.com/JPCERTCC/SysmonSearch),"PDF mention, not verified executable"
Blue Team Tools.pdf,13,SysmonSearch.git,https://github.com/JPCERTCC/SysmonSearch.git,"PDF mention, not verified executable"
Blue Team Tools.pdf,13,SysmonSearch,https://github.com/JPCERTCC/SysmonSearch/wiki/Install#elasticsearch-server-setup),"PDF mention, not verified executable"
Blue Team Tools.pdf,13,SysmonSearch,https://github.com/JPCERTCC/SysmonSearch/wiki/Install#kibana-server-setup),"PDF mention, not verified executable"
Blue Team Tools.pdf,13,SysmonSearch,https://github.com/JPCERTCC/SysmonSearch/wiki/Install).,"PDF mention, not verified executable"
Blue Team Tools.pdf,16,chainsaw,https://github.com/WithSecureLabs/chainsaw),"PDF mention, not verified executable"
Blue Team Tools.pdf,16,chainsaw.git,https://github.com/countercept/chainsaw.git,"PDF mention, not verified executable"
Blue Team Tools.pdf,16,sigma,https://github.com/SigmaHQ/sigma,"PDF mention, not verified executable"
Blue Team Tools.pdf,16,EVTX-ATTACK-SAMPLES.git,https://github.com/sbousseaden/EVTX-ATTACK-SAMPLES.git,"PDF mention, not verified executable"
Blue Team Tools.pdf,16,freq,https://github.com/MarkBaggett/freq),"PDF mention, not verified executable"
Blue Team Tools.pdf,17,freq,https://github.com/MarkBaggett/freq,"PDF mention, not verified executable"
Blue Team Tools.pdf,17,yarGen,https://github.com/Neo23x0/yarGen),"PDF mention, not verified executable"
Blue Team Tools.pdf,17,yarGen,https://github.com/Neo23x0/yarGen/releases).,"PDF mention, not verified executable"
Blue Team Tools.pdf,17,yarGen,https://github.com/Neo23x0/yarGen#examples).,"PDF mention, not verified executable"
Blue Team Tools.pdf,17,yarGen,https://github.com/Neo23x0/yarGen,"PDF mention, not verified executable"
Blue Team Tools.pdf,17,yarGen,https://github.com/Neo23x0/yarGen),"PDF mention, not verified executable"
Blue Team Tools.pdf,17,EmailAnalyzer,https://github.com/keraattin/EmailAnalyzer),"PDF mention, not verified executable"
Blue Team Tools.pdf,17,EmailAnalyzer,https://github.com/keraattin/EmailAnalyzer,"PDF mention, not verified executable"
Blue Team Tools.pdf,18,EmailAnalyzer,https://github.com/keraattin/EmailAnalyzer,"PDF mention, not verified executable"
Blue Team Tools.pdf,18,EmailAnalyzer,https://github.com/keraattin/EmailAnalyzer),"PDF mention, not verified executable"
Blue Team Tools.pdf,18,VCG,https://github.com/nccgroup/VCG),"PDF mention, not verified executable"
Blue Team Tools.pdf,19,misp-book,https://github.com/MISP/misp-book),"PDF mention, not verified executable"
Blue Team Tools.pdf,23,IDA-practical-cheatsheet,https://github.com/AdamTaguirov/IDA-practical-cheatsheet),"PDF mention, not verified executable"
Blue Team Tools.pdf,23,7a7af3277787c794c66965517199fc9c,https://gist.github.com/icecr4ck/7a7af3277787c794c66965517199fc9c),"PDF mention, not verified executable"
Blue Team Tools.pdf,23,ghidra,https://github.com/NationalSecurityAgency/ghidra/releases).,"PDF mention, not verified executable"
Blue Team Tools.pdf,29,ThreatExchange,https://github.com/facebook/ThreatExchange/tree/main/python-threatexchange),"PDF mention, not verified executable"
Bug Bounty Playbook V2v.pdf,18,exploitdbhttps:,https://github.com/offensive-security/exploitdbhttps://github.com/offensive-security/exploitdb,"PDF mention, not verified executable"
Bug Bounty Playbook V2v.pdf,26,droopescanhttps:,https://github.com/droope/droopescanhttps://github.com/droope/droopescan,"PDF mention, not verified executable"
Bug Bounty Playbook V2v.pdf,27,joomscanhttps:,https://github.com/rezasp/joomscanhttps://github.com/rezasp/joomscan,"PDF mention, not verified executable"
Bug Bounty Playbook V2v.pdf,28,aem-hackerhttps:,https://github.com/0ang3el/aem-hackerhttps://github.com/0ang3el/aem-hacker,"PDF mention, not verified executable"
Bug Bounty Playbook V2v.pdf,31,magescanhttps:,https://github.com/steverobbins/magescanhttps://github.com/steverobbins/magescan,"PDF mention, not verified executable"
Bug Bounty Playbook V2v.pdf,36,can-i-take-over-xyz,https://github.com/EdOverflow/can-i-take-over-xyz,"PDF mention, not verified executable"
Bug Bounty Playbook V2v.pdf,36,can-i-take-over-xyz,https://github.com/EdOverflow/can-i-take-over-xyz,"PDF mention, not verified executable"
Bug Bounty Playbook V2v.pdf,58,SecLists,https://github.com/danielmiessler/SecLists/tree/master/Passwords/Default-Credentialshttps://github.com/danielmiessler/SecLists/tree/master/Passwords/Default-Credentials,"PDF mention, not verified executable"
Bug Bounty Playbook V2v.pdf,60,thc-hydrahttps:,https://github.com/vanhauser-thc/thc-hydrahttps://github.com/vanhauser-thc/thc-hydra,"PDF mention, not verified executable"
Bug Bounty Playbook V2v.pdf,76,SecLists,https://github.com/danielmiessler/SecLists/tree/master/Fuzzinghttps://github.com/danielmiessler/SecLists/tree/master/Fuzzing,"PDF mention, not verified executable"
Bug Bounty Playbook V2v.pdf,84,sqlmaphttps:,https://github.com/sqlmapproject/sqlmaphttps://github.com/sqlmapproject/sqlmap,"PDF mention, not verified executable"
Bug Bounty Playbook V2v.pdf,155,jwtcathttps:,https://github.com/AresS31/jwtcathttps://github.com/AresS31/jwtcat,"PDF mention, not verified executable"
Bug Bounty Playbook V2v.pdf,155,jwt-crackerhttps:,https://github.com/lmammino/jwt-crackerhttps://github.com/lmammino/jwt-cracker,"PDF mention, not verified executable"
Bug Bounty Playbook V2v.pdf,155,jwt-pwnhttps:,https://github.com/mazen160/jwt-pwnhttps://github.com/mazen160/jwt-pwn,"PDF mention, not verified executable"
Bug Bounty Playbook V2v.pdf,155,c-jwt-crackerhttps:,https://github.com/brendan-rius/c-jwt-crackerhttps://github.com/brendan-rius/c-jwt-cracker,"PDF mention, not verified executable"
Bug Bounty Playbook V2v.pdf,178,swagger-ui,https://github.com/swagger-api/swagger-ui/issues/1262https://github.com/swagger-api/swagger-ui/issues/1262,"PDF mention, not verified executable"
Bug Bounty Playbook v1.pdf,20,OWASP-Testing-Checklist,https://github.com/tanprathan/OWASP-Testing-Checklist,"PDF mention, not verified executable"
Bug Bounty Playbook v1.pdf,22,lotion,https://github.com/puneetsl/lotion,"PDF mention, not verified executable"
Bug Bounty Playbook v1.pdf,26,SwiftnessX,https://github.com/ehrishirajsharma/SwiftnessX,"PDF mention, not verified executable"
Bug Bounty Playbook v1.pdf,75,Amass,https://github.com/OWASP/Amass,"PDF mention, not verified executable"
Bug Bounty Playbook v1.pdf,76,Amass,https://github.com/OWASP/Amass/blob/master/doc/install.md).,"PDF mention, not verified executable"
Bug Bounty Playbook v1.pdf,80,SecLists,https://github.com/danielmiessler/SecLists,"PDF mention, not verified executable"
Bug Bounty Playbook v1.pdf,81,SecLists,https://github.com/danielmiessler/SecLists/blob/master/Discovery/Web-,"PDF mention, not verified executable"
Bug Bounty Playbook v1.pdf,81,SecLists,https://github.com/danielmiessler/SecLists/blob/master/Discovery/Web-,"PDF mention, not verified executable"
Bug Bounty Playbook v1.pdf,81,SecLists,https://github.com/danielmiessler/SecLists/blob/master/Discovery/Web-,"PDF mention, not verified executable"
Bug Bounty Playbook v1.pdf,83,commonspeak2,https://github.com/assetnote/commonspeak2,"PDF mention, not verified executable"
Bug Bounty Playbook v1.pdf,83,commonspeak2-wordlists,https://github.com/assetnote/commonspeak2-wordlists,"PDF mention, not verified executable"
Bug Bounty Playbook v1.pdf,84,86a06c5dc309d08580a018c66354a056,https://gist.github.com/jhaddix/86a06c5dc309d08580a018c66354a056,"PDF mention, not verified executable"
Bug Bounty Playbook v1.pdf,84,CT_subdomains,https://github.com/internetwache/CT_subdomains,"PDF mention, not verified executable"
Bug Bounty Playbook v1.pdf,88,CertificateTransparencyLogs,https://github.com/ghostlulzhacks/CertificateTransparencyLogs,"PDF mention, not verified executable"
Bug Bounty Playbook v1.pdf,91,github-search,https://github.com/gwen001/github-search/blob/master/github-,"PDF mention, not verified executable"
Bug Bounty Playbook v1.pdf,92,gobuster,https://github.com/OJ/gobuster,"PDF mention, not verified executable"
Bug Bounty Playbook v1.pdf,94,altdns,https://github.com/infosec-au/altdns,"PDF mention, not verified executable"
Bug Bounty Playbook v1.pdf,96,Amass,https://github.com/OWASP/Amass,"PDF mention, not verified executable"
Bug Bounty Playbook v1.pdf,96,knock,https://github.com/guelfoweb/knock,"PDF mention, not verified executable"
Bug Bounty Playbook v1.pdf,98,massdns,https://github.com/blechschmidt/massdns,"PDF mention, not verified executable"
Bug Bounty Playbook v1.pdf,98,massdns.git,https://github.com/blechschmidt/massdns.git,"PDF mention, not verified executable"
Bug Bounty Playbook v1.pdf,98,jq,https://github.com/stedolan/jq,"PDF mention, not verified executable"
Bug Bounty Playbook v1.pdf,99,EyeWitness,https://github.com/FortyNorthSecurity/EyeWitness,"PDF mention, not verified executable"
Bug Bounty Playbook v1.pdf,101,crawler,https://github.com/ghostlulzhacks/crawler/tree/master,"PDF mention, not verified executable"
Bug Bounty Playbook v1.pdf,104,waybackMachine,https://github.com/ghostlulzhacks/waybackMachine,"PDF mention, not verified executable"
Bug Bounty Playbook v1.pdf,104,commoncrawl,https://github.com/ghostlulzhacks/commoncrawl,"PDF mention, not verified executable"
Bug Bounty Playbook v1.pdf,105,gobuster,https://github.com/OJ/gobuster,"PDF mention, not verified executable"
Bug Bounty Playbook v1.pdf,107,LinkFinder,https://github.com/GerbenJavado/LinkFinder,"PDF mention, not verified executable"
Bug Bounty Playbook v1.pdf,108,jsearch,https://github.com/incogbyte/jsearch,"PDF mention, not verified executable"
Bug Bounty Playbook v1.pdf,108,jsearch,https://github.com/incogbyte/jsearch/blob/master/regex_modules/regex_m,"PDF mention, not verified executable"
Bug Bounty Playbook v1.pdf,123,masscan,https://github.com/robertdavidgraham/masscan,"PDF mention, not verified executable"
Bug Bounty Playbook v1.pdf,124,masscan-web-ui,https://github.com/offensive-security/masscan-web-ui,"PDF mention, not verified executable"
Bug Bounty Playbook v1.pdf,126,wappylyzer,https://github.com/vincd/wappylyzer,"PDF mention, not verified executable"
Bug Bounty Playbook v1.pdf,127,wafw00f,https://github.com/EnableSecurity/wafw00f,"PDF mention, not verified executable"
Bug Bounty Playbook v1.pdf,128,Awesome-WAF,https://github.com/0xInfection/Awesome-WAF#known-bypasses,"PDF mention, not verified executable"
Bug Bounty Playbook v1.pdf,133,subjack,https://github.com/haccer/subjack,"PDF mention, not verified executable"
Bug Bounty Playbook v1.pdf,135,can-i-take-over-xyz,https://github.com/EdOverflow/can-i-take-over-xyz,"PDF mention, not verified executable"
Bug Bounty Playbook v1.pdf,138,github-dorks,https://github.com/techgaun/github-dorks/blob/master/github-dorks.txt,"PDF mention, not verified executable"
Bug Bounty Playbook v1.pdf,143,s3brute,https://github.com/ghostlulzhacks/s3brute,"PDF mention, not verified executable"
Bug Bounty Playbook v1.pdf,145,GCPBucketBrute,https://github.com/RhinoSecurityLabs/GCPBucketBrute,"PDF mention, not verified executable"
Bug Bounty Playbook v1.pdf,146,spaces-finder,https://github.com/appsecco/spaces-finder,"PDF mention, not verified executable"
Bug Bounty Playbook v1.pdf,162,GitTools,https://github.com/internetwache/GitTools/tree/master/Dumper,"PDF mention, not verified executable"
Bug Bounty Playbook v1.pdf,164,svn-extractor,https://github.com/anantshri/svn-extractor,"PDF mention, not verified executable"
Bug Bounty Playbook v1.pdf,167,wpscan,https://github.com/wpscanteam/wpscan,"PDF mention, not verified executable"
Bug Bounty Playbook v1.pdf,168,joomscan,https://github.com/rezasp/joomscan,"PDF mention, not verified executable"
Bug Bounty Playbook v1.pdf,169,droopescan,https://github.com/droope/droopescan,"PDF mention, not verified executable"
Bug Bounty Playbook v1.pdf,170,aem-hacker,https://github.com/0ang3el/aem-hacker,"PDF mention, not verified executable"
Bug Bounty Playbook v1.pdf,173,magescan,https://github.com/steverobbins/magescan,"PDF mention, not verified executable"
Bug Bounty Playbook v1.pdf,192,PayloadsAllTheThings,https://github.com/swisskyrepo/PayloadsAllTheThings/tree/master/SQL%2,"PDF mention, not verified executable"
Bug Bounty Playbook v1.pdf,199,sqlmap,https://github.com/sqlmapproject/sqlmap,"PDF mention, not verified executable"
Bug Bounty Tools Collection.pdf,2,Sublist3r,https://github.com/aboul3la/Sublist3r),"PDF mention, not verified executable"
Bug Bounty Tools Collection.pdf,2,Amass,https://github.com/OWASP/Amass),"PDF mention, not verified executable"
Bug Bounty Tools Collection.pdf,2,massdns,https://github.com/blechschmidt/massdns),"PDF mention, not verified executable"
Bug Bounty Tools Collection.pdf,2,Findomain,https://github.com/Findomain/Findomain),"PDF mention, not verified executable"
Bug Bounty Tools Collection.pdf,2,Sudomy,https://github.com/Screetsec/Sudomy),"PDF mention, not verified executable"
Bug Bounty Tools Collection.pdf,2,chaos-client,https://github.com/projectdiscovery/chaos-client),"PDF mention, not verified executable"
Bug Bounty Tools Collection.pdf,2,domained,https://github.com/TypeError/domained),"PDF mention, not verified executable"
Bug Bounty Tools Collection.pdf,2,bugcrowd-levelup-subdomain-,https://github.com/appsecco/bugcrowd-levelup-subdomain-,"PDF mention, not verified executable"
Bug Bounty Tools Collection.pdf,2,shuffledns,https://github.com/projectdiscovery/shuffledns),"PDF mention, not verified executable"
Bug Bounty Tools Collection.pdf,2,censys-subdomain-finder,https://github.com/christophetd/censys-subdomain-finder),"PDF mention, not verified executable"
Bug Bounty Tools Collection.pdf,2,Turbolist3r,https://github.com/fleetcaptain/Turbolist3r),"PDF mention, not verified executable"
Bug Bounty Tools Collection.pdf,2,censys-enumeration,https://github.com/0xbharath/censys-enumeration),"PDF mention, not verified executable"
Bug Bounty Tools Collection.pdf,3,tugarecon,https://github.com/LordNeoStark/tugarecon),"PDF mention, not verified executable"
Bug Bounty Tools Collection.pdf,3,as3nt,https://github.com/cinerieus/as3nt),"PDF mention, not verified executable"
Bug Bounty Tools Collection.pdf,3,Subra,https://github.com/si9int/Subra),"PDF mention, not verified executable"
Bug Bounty Tools Collection.pdf,3,Substr3am,https://github.com/nexxai/Substr3am),"PDF mention, not verified executable"
Bug Bounty Tools Collection.pdf,3,domain,https://github.com/jhaddix/domain/),"PDF mention, not verified executable"
Bug Bounty Tools Collection.pdf,3,altdns,https://github.com/infosec-au/altdns),"PDF mention, not verified executable"
Bug Bounty Tools Collection.pdf,3,brutesubs,https://github.com/anshumanbh/brutesubs),"PDF mention, not verified executable"
Bug Bounty Tools Collection.pdf,3,dns-parallel-prober,https://github.com/lorenzog/dns-parallel-prober),"PDF mention, not verified executable"
Bug Bounty Tools Collection.pdf,3,dnscan,https://github.com/rbsec/dnscan),"PDF mention, not verified executable"
Bug Bounty Tools Collection.pdf,3,knock,https://github.com/guelfoweb/knock),"PDF mention, not verified executable"
Bug Bounty Tools Collection.pdf,3,hakrevdns,https://github.com/hakluke/hakrevdns),"PDF mention, not verified executable"
Bug Bounty Tools Collection.pdf,3,dnsx,https://github.com/projectdiscovery/dnsx),"PDF mention, not verified executable"
Bug Bounty Tools Collection.pdf,3,subfinder,https://github.com/projectdiscovery/subfinder),"PDF mention, not verified executable"
Bug Bounty Tools Collection.pdf,3,assetfinder,https://github.com/tomnomnom/assetfinder),"PDF mention, not verified executable"
Bug Bounty Tools Collection.pdf,3,crtndstry,https://github.com/nahamsec/crtndstry),"PDF mention, not verified executable"
Bug Bounty Tools Collection.pdf,3,VHostScan,https://github.com/codingo/VHostScan),"PDF mention, not verified executable"
Bug Bounty Tools Collection.pdf,3,scilla,https://github.com/edoardottt/scilla),"PDF mention, not verified executable"
Bug Bounty Tools Collection.pdf,3,sub3suite,https://github.com/3nock/sub3suite),"PDF mention, not verified executable"
Bug Bounty Tools Collection.pdf,3,masscan,https://github.com/robertdavidgraham/masscan),"PDF mention, not verified executable"
Bug Bounty Tools Collection.pdf,3,RustScan,https://github.com/RustScan/RustScan),"PDF mention, not verified executable"
Bug Bounty Tools Collection.pdf,3,naabu,https://github.com/projectdiscovery/naabu),"PDF mention, not verified executable"
Bug Bounty Tools Collection.pdf,3,nmap,https://github.com/nmap/nmap),"PDF mention, not verified executable"
Bug Bounty Tools Collection.pdf,3,sandmap,https://github.com/trimstray/sandmap),"PDF mention, not verified executable"
Bug Bounty Tools Collection.pdf,3,ScanCannon,https://github.com/johnnyxmas/ScanCannon),"PDF mention, not verified executable"
Bug Bounty Tools Collection.pdf,4,EyeWitness,https://github.com/FortyNorthSecurity/EyeWitness),"PDF mention, not verified executable"
Bug Bounty Tools Collection.pdf,4,aquatone,https://github.com/michenriksen/aquatone),"PDF mention, not verified executable"
Bug Bounty Tools Collection.pdf,4,screenshoteer,https://github.com/vladocar/screenshoteer),"PDF mention, not verified executable"
Bug Bounty Tools Collection.pdf,4,gowitness,https://github.com/sensepost/gowitness),"PDF mention, not verified executable"
Bug Bounty Tools Collection.pdf,4,WitnessMe,https://github.com/byt3bl33d3r/WitnessMe),"PDF mention, not verified executable"
Bug Bounty Tools Collection.pdf,4,eyeballer,https://github.com/BishopFox/eyeballer),"PDF mention, not verified executable"
Bug Bounty Tools Collection.pdf,4,scrying,https://github.com/nccgroup/scrying),"PDF mention, not verified executable"
Bug Bounty Tools Collection.pdf,4,Depix,https://github.com/beurtschipper/Depix),"PDF mention, not verified executable"
Bug Bounty Tools Collection.pdf,4,httpscreenshot,https://github.com/breenmachine/httpscreenshot/),"PDF mention, not verified executable"
Bug Bounty Tools Collection.pdf,4,wappalyzer,https://github.com/AliasIO/wappalyzer),"PDF mention, not verified executable"
Bug Bounty Tools Collection.pdf,4,webanalyze,https://github.com/rverton/webanalyze),"PDF mention, not verified executable"
Bug Bounty Tools Collection.pdf,4,python-builtwith,https://github.com/claymation/python-builtwith),"PDF mention, not verified executable"
Bug Bounty Tools Collection.pdf,4,whatweb,https://github.com/urbanadventurer/whatweb),"PDF mention, not verified executable"
Bug Bounty Tools Collection.pdf,4,retire.js,https://github.com/RetireJS/retire.js),"PDF mention, not verified executable"
Bug Bounty Tools Collection.pdf,4,httpx,https://github.com/projectdiscovery/httpx),"PDF mention, not verified executable"
Bug Bounty Tools Collection.pdf,4,fingerprintx,https://github.com/praetorian-inc/fingerprintx),"PDF mention, not verified executable"
Bug Bounty Tools Collection.pdf,4,gobuster,https://github.com/OJ/gobuster),"PDF mention, not verified executable"
Bug Bounty Tools Collection.pdf,4,recursebuster,https://github.com/C-Sto/recursebuster),"PDF mention, not verified executable"
Bug Bounty Tools Collection.pdf,4,feroxbuster,https://github.com/epi052/feroxbuster),"PDF mention, not verified executable"
Bug Bounty Tools Collection.pdf,4,dirsearch,https://github.com/maurosoria/dirsearch),"PDF mention, not verified executable"
Bug Bounty Tools Collection.pdf,4,dirsearch,https://github.com/evilsocket/dirsearch),"PDF mention, not verified executable"
Bug Bounty Tools Collection.pdf,4,filebuster,https://github.com/henshin/filebuster),"PDF mention, not verified executable"
Bug Bounty Tools Collection.pdf,5,dirstalk,https://github.com/stefanoj3/dirstalk),"PDF mention, not verified executable"
Bug Bounty Tools Collection.pdf,5,dirbuster-ng,https://github.com/digination/dirbuster-ng),"PDF mention, not verified executable"
Bug Bounty Tools Collection.pdf,5,gospider,https://github.com/jaeles-project/gospider),"PDF mention, not verified executable"
Bug Bounty Tools Collection.pdf,5,hakrawler,https://github.com/hakluke/hakrawler),"PDF mention, not verified executable"
Bug Bounty Tools Collection.pdf,5,crawley,https://github.com/s0rg/crawley),"PDF mention, not verified executable"
Bug Bounty Tools Collection.pdf,5,LinkFinder,https://github.com/GerbenJavado/LinkFinder),"PDF mention, not verified executable"
Bug Bounty Tools Collection.pdf,5,JS-Scan,https://github.com/zseano/JS-Scan),"PDF mention, not verified executable"
Bug Bounty Tools Collection.pdf,5,LinksDumper,https://github.com/arbazkiraak/LinksDumper),"PDF mention, not verified executable"
Bug Bounty Tools Collection.pdf,5,GoLinkFinder,https://github.com/0xsha/GoLinkFinder),"PDF mention, not verified executable"
Bug Bounty Tools Collection.pdf,5,BurpJSLinkFinder,https://github.com/InitRoot/BurpJSLinkFinder),"PDF mention, not verified executable"
Bug Bounty Tools Collection.pdf,5,urlgrab,https://github.com/IAmStoxe/urlgrab),"PDF mention, not verified executable"
Bug Bounty Tools Collection.pdf,5,waybackurls,https://github.com/tomnomnom/waybackurls),"PDF mention, not verified executable"
Bug Bounty Tools Collection.pdf,5,gau,https://github.com/lc/gau),"PDF mention, not verified executable"
Bug Bounty Tools Collection.pdf,5,getJS,https://github.com/003random/getJS),"PDF mention, not verified executable"
Bug Bounty Tools Collection.pdf,5,linx,https://github.com/riza/linx),"PDF mention, not verified executable"
Bug Bounty Tools Collection.pdf,5,parameth,https://github.com/maK-/parameth),"PDF mention, not verified executable"
Bug Bounty Tools Collection.pdf,5,param-miner,https://github.com/PortSwigger/param-miner),"PDF mention, not verified executable"
Bug Bounty Tools Collection.pdf,5,ParamPamPam,https://github.com/Bo0oM/ParamPamPam),"PDF mention, not verified executable"
Bug Bounty Tools Collection.pdf,5,Arjun,https://github.com/s0md3v/Arjun),"PDF mention, not verified executable"
Bug Bounty Tools Collection.pdf,5,ParamSpider,https://github.com/devanshbatham/ParamSpider),"PDF mention, not verified executable"
Bug Bounty Tools Collection.pdf,5,x8,https://github.com/Sh1Yo/x8),"PDF mention, not verified executable"
Bug Bounty Tools Collection.pdf,5,wfuzz,https://github.com/xmendez/wfuzz),"PDF mention, not verified executable"
Bug Bounty Tools Collection.pdf,5,ffuf,https://github.com/ffuf/ffuf),"PDF mention, not verified executable"
Bug Bounty Tools Collection.pdf,6,fuzzdb,https://github.com/fuzzdb-project/fuzzdb),"PDF mention, not verified executable"
Bug Bounty Tools Collection.pdf,6,IntruderPayloads,https://github.com/1N3/IntruderPayloads),"PDF mention, not verified executable"
Bug Bounty Tools Collection.pdf,6,fuzz.txt,https://github.com/Bo0oM/fuzz.txt),"PDF mention, not verified executable"
Bug Bounty Tools Collection.pdf,6,fuzzilli,https://github.com/googleprojectzero/fuzzilli),"PDF mention, not verified executable"
Bug Bounty Tools Collection.pdf,6,fuzzapi,https://github.com/Fuzzapi/fuzzapi),"PDF mention, not verified executable"
Bug Bounty Tools Collection.pdf,6,qsfuzz,https://github.com/ameenmaali/qsfuzz),"PDF mention, not verified executable"
Bug Bounty Tools Collection.pdf,6,vaf,https://github.com/d4rckh/vaf),"PDF mention, not verified executable"
Bug Bounty Tools Collection.pdf,6,commix,https://github.com/commixproject/commix),"PDF mention, not verified executable"
Bug Bounty Tools Collection.pdf,6,Corsy,https://github.com/s0md3v/Corsy),"PDF mention, not verified executable"
Bug Bounty Tools Collection.pdf,6,CORStest,https://github.com/RUB-NDS/CORStest),"PDF mention, not verified executable"
Bug Bounty Tools Collection.pdf,6,cors-scanner,https://github.com/laconicwolf/cors-scanner),"PDF mention, not verified executable"
Bug Bounty Tools Collection.pdf,6,CorsMe,https://github.com/Shivangx01b/CorsMe),"PDF mention, not verified executable"
Bug Bounty Tools Collection.pdf,6,CRLFsuite,https://github.com/Nefcore/CRLFsuite),"PDF mention, not verified executable"
Bug Bounty Tools Collection.pdf,6,crlfuzz,https://github.com/dwisiswant0/crlfuzz),"PDF mention, not verified executable"
Bug Bounty Tools Collection.pdf,6,CRLF-Injection-Scanner,https://github.com/MichaelStott/CRLF-Injection-Scanner),"PDF mention, not verified executable"
Bug Bounty Tools Collection.pdf,6,Injectus,https://github.com/BountyStrike/Injectus),"PDF mention, not verified executable"
Bug Bounty Tools Collection.pdf,6,XSRFProbe,https://github.com/0xInfection/XSRFProbe),"PDF mention, not verified executable"
Bug Bounty Tools Collection.pdf,7,dotdotpwn,https://github.com/wireghoul/dotdotpwn),"PDF mention, not verified executable"
Bug Bounty Tools Collection.pdf,7,FDsploit,https://github.com/chrispetrou/FDsploit),"PDF mention, not verified executable"
Bug Bounty Tools Collection.pdf,7,off-by-slash,https://github.com/bayotop/off-by-slash),"PDF mention, not verified executable"
Bug Bounty Tools Collection.pdf,7,liffier,https://github.com/momenbasel/liffier),"PDF mention, not verified executable"
Bug Bounty Tools Collection.pdf,7,liffy,https://github.com/mzfr/liffy),"PDF mention, not verified executable"
Bug Bounty Tools Collection.pdf,7,Burp-LFI-tests,https://github.com/Team-Firebugs/Burp-LFI-tests),"PDF mention, not verified executable"
Bug Bounty Tools Collection.pdf,7,LFI-Enum,https://github.com/mthbernardes/LFI-Enum),"PDF mention, not verified executable"
Bug Bounty Tools Collection.pdf,7,LFISuite,https://github.com/D35m0nd142/LFISuite),"PDF mention, not verified executable"
Bug Bounty Tools Collection.pdf,7,LFI-files,https://github.com/hussein98d/LFI-files),"PDF mention, not verified executable"
Bug Bounty Tools Collection.pdf,7,inql,https://github.com/doyensec/inql),"PDF mention, not verified executable"
Bug Bounty Tools Collection.pdf,7,GraphQLmap,https://github.com/swisskyrepo/GraphQLmap),"PDF mention, not verified executable"
Bug Bounty Tools Collection.pdf,7,shapeshifter,https://github.com/szski/shapeshifter),"PDF mention, not verified executable"
Bug Bounty Tools Collection.pdf,7,graphql_beautifier,https://github.com/zidekmat/graphql_beautifier),"PDF mention, not verified executable"
Bug Bounty Tools Collection.pdf,7,clairvoyance,https://github.com/nikitastupin/clairvoyance),"PDF mention, not verified executable"
Bug Bounty Tools Collection.pdf,7,headi,https://github.com/mlcsec/headi),"PDF mention, not verified executable"
Bug Bounty Tools Collection.pdf,7,ysoserial,https://github.com/frohoff/ysoserial),"PDF mention, not verified executable"
Bug Bounty Tools Collection.pdf,7,GadgetProbe,https://github.com/BishopFox/GadgetProbe),"PDF mention, not verified executable"
Bug Bounty Tools Collection.pdf,7,ysoserial.net,https://github.com/pwntester/ysoserial.net),"PDF mention, not verified executable"
Bug Bounty Tools Collection.pdf,7,phpggc,https://github.com/ambionics/phpggc),"PDF mention, not verified executable"
Bug Bounty Tools Collection.pdf,8,Autorize,https://github.com/Quitten/Autorize),"PDF mention, not verified executable"
Bug Bounty Tools Collection.pdf,8,Oralyzer,https://github.com/r0075h3ll/Oralyzer),"PDF mention, not verified executable"
Bug Bounty Tools Collection.pdf,8,Injectus,https://github.com/BountyStrike/Injectus),"PDF mention, not verified executable"
Bug Bounty Tools Collection.pdf,8,dom-red,https://github.com/Naategh/dom-red),"PDF mention, not verified executable"
Bug Bounty Tools Collection.pdf,8,OpenRedireX,https://github.com/devanshbatham/OpenRedireX),"PDF mention, not verified executable"
Bug Bounty Tools Collection.pdf,8,razzer,https://github.com/compsec-snu/razzer),"PDF mention, not verified executable"
Bug Bounty Tools Collection.pdf,8,racepwn,https://github.com/racepwn/racepwn),"PDF mention, not verified executable"
Bug Bounty Tools Collection.pdf,8,requests-racer,https://github.com/nccgroup/requests-racer),"PDF mention, not verified executable"
Bug Bounty Tools Collection.pdf,8,turbo-intruder,https://github.com/PortSwigger/turbo-intruder),"PDF mention, not verified executable"
Bug Bounty Tools Collection.pdf,8,race-the-web,https://github.com/TheHackerDev/race-the-web),"PDF mention, not verified executable"
Bug Bounty Tools Collection.pdf,8,http-request-smuggling,https://github.com/anshumanpattnaik/http-request-smuggling),"PDF mention, not verified executable"
Bug Bounty Tools Collection.pdf,8,smuggler,https://github.com/defparam/smuggler),"PDF mention, not verified executable"
Bug Bounty Tools Collection.pdf,8,h2csmuggler,https://github.com/BishopFox/h2csmuggler),"PDF mention, not verified executable"
Bug Bounty Tools Collection.pdf,8,tiscripts,https://github.com/defparam/tiscripts),"PDF mention, not verified executable"
Bug Bounty Tools Collection.pdf,8,SSRFmap,https://github.com/swisskyrepo/SSRFmap),"PDF mention, not verified executable"
Bug Bounty Tools Collection.pdf,8,Gopherus,https://github.com/tarunkant/Gopherus),"PDF mention, not verified executable"
Bug Bounty Tools Collection.pdf,8,ground-control,https://github.com/jobertabma/ground-control),"PDF mention, not verified executable"
Bug Bounty Tools Collection.pdf,8,SSRFire,https://github.com/micha3lb3n/SSRFire),"PDF mention, not verified executable"
Bug Bounty Tools Collection.pdf,8,httprebind,https://github.com/daeken/httprebind),"PDF mention, not verified executable"
Bug Bounty Tools Collection.pdf,8,ssrf-sheriff,https://github.com/teknogeek/ssrf-sheriff),"PDF mention, not verified executable"
Bug Bounty Tools Collection.pdf,9,B-XSSRF,https://github.com/SpiderMate/B-XSSRF),"PDF mention, not verified executable"
Bug Bounty Tools Collection.pdf,9,extended-ssrf-search,https://github.com/Damian89/extended-ssrf-search),"PDF mention, not verified executable"
Bug Bounty Tools Collection.pdf,9,gaussrf,https://github.com/KathanP19/gaussrf),"PDF mention, not verified executable"
Bug Bounty Tools Collection.pdf,9,ssrfDetector,https://github.com/JacobReynolds/ssrfDetector),"PDF mention, not verified executable"
Bug Bounty Tools Collection.pdf,9,grafana-ssrf,https://github.com/RandomRobbieBF/grafana-ssrf),"PDF mention, not verified executable"
Bug Bounty Tools Collection.pdf,9,sentrySSRF,https://github.com/xawdxawdx/sentrySSRF),"PDF mention, not verified executable"
Bug Bounty Tools Collection.pdf,9,lorsrf,https://github.com/knassar702/lorsrf),"PDF mention, not verified executable"
Bug Bounty Tools Collection.pdf,9,singularity,https://github.com/nccgroup/singularity),"PDF mention, not verified executable"
Bug Bounty Tools Collection.pdf,9,whonow,https://github.com/brannondorsey/whonow),"PDF mention, not verified executable"
Bug Bounty Tools Collection.pdf,9,dns-rebind-toolkit,https://github.com/brannondorsey/dns-rebind-toolkit),"PDF mention, not verified executable"
Bug Bounty Tools Collection.pdf,9,dref,https://github.com/FSecureLABS/dref),"PDF mention, not verified executable"
Bug Bounty Tools Collection.pdf,9,rbndr,https://github.com/taviso/rbndr),"PDF mention, not verified executable"
Bug Bounty Tools Collection.pdf,9,httprebind,https://github.com/daeken/httprebind),"PDF mention, not verified executable"
Bug Bounty Tools Collection.pdf,9,dnsFookup,https://github.com/makuga01/dnsFookup),"PDF mention, not verified executable"
Bug Bounty Tools Collection.pdf,9,sqlmap,https://github.com/sqlmapproject/sqlmap),"PDF mention, not verified executable"
Bug Bounty Tools Collection.pdf,9,NoSQLMap,https://github.com/codingo/NoSQLMap),"PDF mention, not verified executable"
Bug Bounty Tools Collection.pdf,9,SQLiScanner,https://github.com/0xbug/SQLiScanner),"PDF mention, not verified executable"
Bug Bounty Tools Collection.pdf,9,SleuthQL,https://github.com/RhinoSecurityLabs/SleuthQL),"PDF mention, not verified executable"
Bug Bounty Tools Collection.pdf,9,mssqlproxy,https://github.com/blackarrowsec/mssqlproxy),"PDF mention, not verified executable"
Bug Bounty Tools Collection.pdf,9,sqli-hunter,https://github.com/zt2/sqli-hunter),"PDF mention, not verified executable"
Bug Bounty Tools Collection.pdf,9,waybackSqliScanner,https://github.com/ghostlulzhacks/waybackSqliScanner),"PDF mention, not verified executable"
Bug Bounty Tools Collection.pdf,9,ESC,https://github.com/NetSPI/ESC),"PDF mention, not verified executable"
Bug Bounty Tools Collection.pdf,9,mssqli-duet,https://github.com/Keramas/mssqli-duet),"PDF mention, not verified executable"
Bug Bounty Tools Collection.pdf,9,burp-to-sqlmap,https://github.com/Miladkhoshdel/burp-to-sqlmap),"PDF mention, not verified executable"
Bug Bounty Tools Collection.pdf,9,BurpSQLTruncSanner,https://github.com/InitRoot/BurpSQLTruncSanner),"PDF mention, not verified executable"
Bug Bounty Tools Collection.pdf,10,andor,https://github.com/sadicann/andor),"PDF mention, not verified executable"
Bug Bounty Tools Collection.pdf,10,Blinder,https://github.com/mhaskar/Blinder),"PDF mention, not verified executable"
Bug Bounty Tools Collection.pdf,10,sqliv,https://github.com/the-robot/sqliv),"PDF mention, not verified executable"
Bug Bounty Tools Collection.pdf,10,nosqli,https://github.com/Charlie-belmer/nosqli),"PDF mention, not verified executable"
Bug Bounty Tools Collection.pdf,10,XSStrike,https://github.com/s0md3v/XSStrike),"PDF mention, not verified executable"
Bug Bounty Tools Collection.pdf,10,xssor2,https://github.com/evilcos/xssor2),"PDF mention, not verified executable"
Bug Bounty Tools Collection.pdf,10,xsscrapy,https://github.com/DanMcInerney/xsscrapy),"PDF mention, not verified executable"
Bug Bounty Tools Collection.pdf,10,sleepy-puppy,https://github.com/Netflix-Skunkworks/sleepy-puppy),"PDF mention, not verified executable"
Bug Bounty Tools Collection.pdf,10,ezXSS,https://github.com/ssl/ezXSS),"PDF mention, not verified executable"
Bug Bounty Tools Collection.pdf,10,xsshunter,https://github.com/mandatoryprogrammer/xsshunter),"PDF mention, not verified executable"
Bug Bounty Tools Collection.pdf,10,dalfox,https://github.com/hahwul/dalfox),"PDF mention, not verified executable"
Bug Bounty Tools Collection.pdf,10,xsser,https://github.com/epsylon/xsser),"PDF mention, not verified executable"
Bug Bounty Tools Collection.pdf,10,XSpear,https://github.com/hahwul/XSpear),"PDF mention, not verified executable"
Bug Bounty Tools Collection.pdf,10,weaponised-XSS-payloads,https://github.com/hakluke/weaponised-XSS-payloads),"PDF mention, not verified executable"
Bug Bounty Tools Collection.pdf,10,tracy,https://github.com/nccgroup/tracy),"PDF mention, not verified executable"
Bug Bounty Tools Collection.pdf,10,ground-control,https://github.com/jobertabma/ground-control),"PDF mention, not verified executable"
Bug Bounty Tools Collection.pdf,10,xssValidator,https://github.com/nVisium/xssValidator),"PDF mention, not verified executable"
Bug Bounty Tools Collection.pdf,10,JSShell,https://github.com/Den1al/JSShell),"PDF mention, not verified executable"
Bug Bounty Tools Collection.pdf,10,bXSS,https://github.com/LewisArdern/bXSS),"PDF mention, not verified executable"
Bug Bounty Tools Collection.pdf,10,docem,https://github.com/whitel1st/docem),"PDF mention, not verified executable"
Bug Bounty Tools Collection.pdf,10,XSS-Radar,https://github.com/bugbountyforum/XSS-Radar),"PDF mention, not verified executable"
Bug Bounty Tools Collection.pdf,10,BruteXSS,https://github.com/rajeshmajumdar/BruteXSS),"PDF mention, not verified executable"
Bug Bounty Tools Collection.pdf,10,findom-xss,https://github.com/dwisiswant0/findom-xss),"PDF mention, not verified executable"
Bug Bounty Tools Collection.pdf,10,domdig,https://github.com/fcavallarin/domdig),"PDF mention, not verified executable"
Bug Bounty Tools Collection.pdf,10,femida,https://github.com/wish-i-was/femida),"PDF mention, not verified executable"
Bug Bounty Tools Collection.pdf,11,B-XSSRF,https://github.com/SpiderMate/B-XSSRF),"PDF mention, not verified executable"
Bug Bounty Tools Collection.pdf,11,domxssscanner,https://github.com/yaph/domxssscanner),"PDF mention, not verified executable"
Bug Bounty Tools Collection.pdf,11,xsshunter_client,https://github.com/mandatoryprogrammer/xsshunter_client),"PDF mention, not verified executable"
Bug Bounty Tools Collection.pdf,11,extended-xss-search,https://github.com/Damian89/extended-xss-search),"PDF mention, not verified executable"
Bug Bounty Tools Collection.pdf,11,xssmap,https://github.com/Jewel591/xssmap),"PDF mention, not verified executable"
Bug Bounty Tools Collection.pdf,11,XSSCon,https://github.com/menkrep1337/XSSCon),"PDF mention, not verified executable"
Bug Bounty Tools Collection.pdf,11,BitBlinder,https://github.com/BitTheByte/BitBlinder),"PDF mention, not verified executable"
Bug Bounty Tools Collection.pdf,11,XSSOauthPersistence,https://github.com/dxa4481/XSSOauthPersistence),"PDF mention, not verified executable"
Bug Bounty Tools Collection.pdf,11,shadow-workers,https://github.com/shadow-workers/shadow-workers),"PDF mention, not verified executable"
Bug Bounty Tools Collection.pdf,11,rexsser,https://github.com/profmoriarity/rexsser),"PDF mention, not verified executable"
Bug Bounty Tools Collection.pdf,11,xss-flare,https://github.com/EgeBalci/xss-flare),"PDF mention, not verified executable"
Bug Bounty Tools Collection.pdf,11,Xss-Sql-Fuzz,https://github.com/jiangsir404/Xss-Sql-Fuzz),"PDF mention, not verified executable"
Bug Bounty Tools Collection.pdf,11,vaya-ciego-nen,https://github.com/hipotermia/vaya-ciego-nen),"PDF mention, not verified executable"
Bug Bounty Tools Collection.pdf,11,dom-based-xss-finder,https://github.com/AsaiKen/dom-based-xss-finder),"PDF mention, not verified executable"
Bug Bounty Tools Collection.pdf,11,XSSTerminal,https://github.com/machinexa2/XSSTerminal),"PDF mention, not verified executable"
Bug Bounty Tools Collection.pdf,11,xss2png,https://github.com/vavkamil/xss2png),"PDF mention, not verified executable"
Bug Bounty Tools Collection.pdf,11,XSSwagger,https://github.com/vavkamil/XSSwagger),"PDF mention, not verified executable"
Bug Bounty Tools Collection.pdf,11,ground-control,https://github.com/jobertabma/ground-control),"PDF mention, not verified executable"
Bug Bounty Tools Collection.pdf,11,dtd-finder,https://github.com/GoSecure/dtd-finder),"PDF mention, not verified executable"
Bug Bounty Tools Collection.pdf,11,docem,https://github.com/whitel1st/docem),"PDF mention, not verified executable"
Bug Bounty Tools Collection.pdf,11,xxeserv,https://github.com/staaldraad/xxeserv),"PDF mention, not verified executable"
Bug Bounty Tools Collection.pdf,11,xxexploiter,https://github.com/luisfontes19/xxexploiter),"PDF mention, not verified executable"
Bug Bounty Tools Collection.pdf,11,B-XSSRF,https://github.com/SpiderMate/B-XSSRF),"PDF mention, not verified executable"
Bug Bounty Tools Collection.pdf,12,XXEinjector,https://github.com/enjoiz/XXEinjector),"PDF mention, not verified executable"
Bug Bounty Tools Collection.pdf,12,oxml_xxe,https://github.com/BuffaloWill/oxml_xxe),"PDF mention, not verified executable"
Bug Bounty Tools Collection.pdf,12,metahttp,https://github.com/vp777/metahttp),"PDF mention, not verified executable"
Bug Bounty Tools Collection.pdf,12,thc-hydra,https://github.com/vanhauser-thc/thc-hydra),"PDF mention, not verified executable"
Bug Bounty Tools Collection.pdf,12,DefaultCreds-cheat-sheet,https://github.com/ihebski/DefaultCreds-cheat-sheet),"PDF mention, not verified executable"
Bug Bounty Tools Collection.pdf,12,changeme,https://github.com/ztgrace/changeme),"PDF mention, not verified executable"
Bug Bounty Tools Collection.pdf,12,BruteX,https://github.com/1N3/BruteX),"PDF mention, not verified executable"
Bug Bounty Tools Collection.pdf,12,patator,https://github.com/lanjelot/patator),"PDF mention, not verified executable"
Bug Bounty Tools Collection.pdf,12,git-secrets,https://github.com/awslabs/git-secrets),"PDF mention, not verified executable"
Bug Bounty Tools Collection.pdf,12,gitleaks,https://github.com/zricethezav/gitleaks),"PDF mention, not verified executable"
Bug Bounty Tools Collection.pdf,12,truffleHog,https://github.com/dxa4481/truffleHog),"PDF mention, not verified executable"
Bug Bounty Tools Collection.pdf,12,gitGraber,https://github.com/hisxo/gitGraber),"PDF mention, not verified executable"
Bug Bounty Tools Collection.pdf,12,talisman,https://github.com/thoughtworks/talisman),"PDF mention, not verified executable"
Bug Bounty Tools Collection.pdf,12,GitGot,https://github.com/BishopFox/GitGot),"PDF mention, not verified executable"
Bug Bounty Tools Collection.pdf,12,git-all-secrets,https://github.com/anshumanbh/git-all-secrets),"PDF mention, not verified executable"
Bug Bounty Tools Collection.pdf,12,github-search,https://github.com/gwen001/github-search),"PDF mention, not verified executable"
Bug Bounty Tools Collection.pdf,12,git-vuln-finder,https://github.com/cve-search/git-vuln-finder),"PDF mention, not verified executable"
Bug Bounty Tools Collection.pdf,12,commit-stream,https://github.com/x1sec/commit-stream),"PDF mention, not verified executable"
Bug Bounty Tools Collection.pdf,13,gitrob,https://github.com/michenriksen/gitrob),"PDF mention, not verified executable"
Bug Bounty Tools Collection.pdf,13,repo-supervisor,https://github.com/auth0/repo-supervisor),"PDF mention, not verified executable"
Bug Bounty Tools Collection.pdf,13,GitMiner,https://github.com/UnkL4b/GitMiner),"PDF mention, not verified executable"
Bug Bounty Tools Collection.pdf,13,shhgit,https://github.com/eth0izzle/shhgit),"PDF mention, not verified executable"
Bug Bounty Tools Collection.pdf,13,detect-secrets,https://github.com/Yelp/detect-secrets),"PDF mention, not verified executable"
Bug Bounty Tools Collection.pdf,13,rusty-hog,https://github.com/newrelic/rusty-hog),"PDF mention, not verified executable"
Bug Bounty Tools Collection.pdf,13,whispers,https://github.com/Skyscanner/whispers),"PDF mention, not verified executable"
Bug Bounty Tools Collection.pdf,13,yar,https://github.com/nielsing/yar),"PDF mention, not verified executable"
Bug Bounty Tools Collection.pdf,13,dufflebag,https://github.com/BishopFox/dufflebag),"PDF mention, not verified executable"
Bug Bounty Tools Collection.pdf,13,secret-bridge,https://github.com/duo-labs/secret-bridge),"PDF mention, not verified executable"
Bug Bounty Tools Collection.pdf,13,earlybird,https://github.com/americanexpress/earlybird),"PDF mention, not verified executable"
Bug Bounty Tools Collection.pdf,13,Trufflehog-Chrome-Extension,https://github.com/trufflesecurity/Trufflehog-Chrome-Extension),"PDF mention, not verified executable"
Bug Bounty Tools Collection.pdf,13,GitTools,https://github.com/internetwache/GitTools),"PDF mention, not verified executable"
Bug Bounty Tools Collection.pdf,13,gitjacker,https://github.com/liamg/gitjacker),"PDF mention, not verified executable"
Bug Bounty Tools Collection.pdf,13,git-dumper,https://github.com/arthaud/git-dumper),"PDF mention, not verified executable"
Bug Bounty Tools Collection.pdf,13,GitHunter,https://github.com/digininja/GitHunter),"PDF mention, not verified executable"
Bug Bounty Tools Collection.pdf,13,dvcs-ripper,https://github.com/kost/dvcs-ripper),"PDF mention, not verified executable"
Bug Bounty Tools Collection.pdf,13,S3Scanner,https://github.com/sa7mon/S3Scanner),"PDF mention, not verified executable"
Bug Bounty Tools Collection.pdf,13,AWSBucketDump,https://github.com/jordanpotti/AWSBucketDump),"PDF mention, not verified executable"
Bug Bounty Tools Collection.pdf,13,CloudScraper,https://github.com/jordanpotti/CloudScraper),"PDF mention, not verified executable"
Bug Bounty Tools Collection.pdf,13,s3viewer,https://github.com/SharonBrizinov/s3viewer),"PDF mention, not verified executable"
Bug Bounty Tools Collection.pdf,13,festin,https://github.com/cr0hn/festin),"PDF mention, not verified executable"
Bug Bounty Tools Collection.pdf,13,s3reverse,https://github.com/hahwul/s3reverse),"PDF mention, not verified executable"
Bug Bounty Tools Collection.pdf,13,mass-s3-bucket-tester,https://github.com/random-robbie/mass-s3-bucket-tester),"PDF mention, not verified executable"
Bug Bounty Tools Collection.pdf,13,S3BucketList,https://github.com/AlecBlance/S3BucketList),"PDF mention, not verified executable"
Bug Bounty Tools Collection.pdf,14,dirlstr,https://github.com/cybercdh/dirlstr),"PDF mention, not verified executable"
Bug Bounty Tools Collection.pdf,14,Burp-AnonymousCloud,https://github.com/codewatchorg/Burp-AnonymousCloud),"PDF mention, not verified executable"
Bug Bounty Tools Collection.pdf,14,kicks3,https://github.com/abuvanth/kicks3),"PDF mention, not verified executable"
Bug Bounty Tools Collection.pdf,14,2tearsinabucket,https://github.com/Revenant40/2tearsinabucket),"PDF mention, not verified executable"
Bug Bounty Tools Collection.pdf,14,s3_objects_check,https://github.com/nccgroup/s3_objects_check),"PDF mention, not verified executable"
Bug Bounty Tools Collection.pdf,14,s3tk,https://github.com/ankane/s3tk),"PDF mention, not verified executable"
Bug Bounty Tools Collection.pdf,14,CloudBrute,https://github.com/0xsha/CloudBrute),"PDF mention, not verified executable"
Bug Bounty Tools Collection.pdf,14,s3cario,https://github.com/0xspade/s3cario),"PDF mention, not verified executable"
Bug Bounty Tools Collection.pdf,14,S3Cruze,https://github.com/JR0ch17/S3Cruze),"PDF mention, not verified executable"
Bug Bounty Tools Collection.pdf,14,wpscan,https://github.com/wpscanteam/wpscan),"PDF mention, not verified executable"
Bug Bounty Tools Collection.pdf,14,WPSpider,https://github.com/cyc10n3/WPSpider),"PDF mention, not verified executable"
Bug Bounty Tools Collection.pdf,14,wprecon,https://github.com/blackcrw/wprecon),"PDF mention, not verified executable"
Bug Bounty Tools Collection.pdf,14,CMSmap,https://github.com/Dionach/CMSmap),"PDF mention, not verified executable"
Bug Bounty Tools Collection.pdf,14,joomscan,https://github.com/OWASP/joomscan),"PDF mention, not verified executable"
Bug Bounty Tools Collection.pdf,14,pyfiscan,https://github.com/fgeek/pyfiscan),"PDF mention, not verified executable"
Bug Bounty Tools Collection.pdf,14,jwt_tool,https://github.com/ticarpi/jwt_tool),"PDF mention, not verified executable"
Bug Bounty Tools Collection.pdf,14,c-jwt-cracker,https://github.com/brendan-rius/c-jwt-cracker),"PDF mention, not verified executable"
Bug Bounty Tools Collection.pdf,14,jwt-heartbreaker,https://github.com/wallarm/jwt-heartbreaker),"PDF mention, not verified executable"
Bug Bounty Tools Collection.pdf,14,jwtear,https://github.com/KINGSABRI/jwtear),"PDF mention, not verified executable"
Bug Bounty Tools Collection.pdf,14,jwt-key-id-injector,https://github.com/dariusztytko/jwt-key-id-injector),"PDF mention, not verified executable"
Bug Bounty Tools Collection.pdf,14,jwt-hack,https://github.com/hahwul/jwt-hack),"PDF mention, not verified executable"
Bug Bounty Tools Collection.pdf,14,jwt-cracker,https://github.com/lmammino/jwt-cracker),"PDF mention, not verified executable"
Bug Bounty Tools Collection.pdf,14,postMessage-tracker,https://github.com/fransr/postMessage-tracker),"PDF mention, not verified executable"
Bug Bounty Tools Collection.pdf,15,PostMessage_Fuzz_Tool,https://github.com/kiranreddyrebel/PostMessage_Fuzz_Tool),"PDF mention, not verified executable"
Bug Bounty Tools Collection.pdf,15,subjack,https://github.com/haccer/subjack),"PDF mention, not verified executable"
Bug Bounty Tools Collection.pdf,15,SubOver,https://github.com/Ice3man543/SubOver),"PDF mention, not verified executable"
Bug Bounty Tools Collection.pdf,15,autoSubTakeover,https://github.com/JordyZomer/autoSubTakeover),"PDF mention, not verified executable"
Bug Bounty Tools Collection.pdf,15,NSBrute,https://github.com/shivsahni/NSBrute),"PDF mention, not verified executable"
Bug Bounty Tools Collection.pdf,15,can-i-take-over-xyz,https://github.com/EdOverflow/can-i-take-over-xyz),"PDF mention, not verified executable"
Bug Bounty Tools Collection.pdf,15,cnames,https://github.com/cybercdh/cnames),"PDF mention, not verified executable"
Bug Bounty Tools Collection.pdf,15,old-repos-backup,https://github.com/vavkamil/old-repos-backup/tree/master/subHijack-master),"PDF mention, not verified executable"
Bug Bounty Tools Collection.pdf,15,tko-subs,https://github.com/anshumanbh/tko-subs),"PDF mention, not verified executable"
Bug Bounty Tools Collection.pdf,15,HostileSubBruteforcer,https://github.com/nahamsec/HostileSubBruteforcer),"PDF mention, not verified executable"
Bug Bounty Tools Collection.pdf,15,second-order,https://github.com/mhmdiaa/second-order),"PDF mention, not verified executable"
Bug Bounty Tools Collection.pdf,15,takeover,https://github.com/mzfr/takeover),"PDF mention, not verified executable"
Bug Bounty Tools Collection.pdf,15,dnsReaper,https://github.com/punk-security/dnsReaper),"PDF mention, not verified executable"
Bug Bounty Tools Collection.pdf,15,nuclei,https://github.com/projectdiscovery/nuclei),"PDF mention, not verified executable"
Bug Bounty Tools Collection.pdf,15,Sn1per,https://github.com/1N3/Sn1per),"PDF mention, not verified executable"
Bug Bounty Tools Collection.pdf,15,metasploit-framework,https://github.com/rapid7/metasploit-framework),"PDF mention, not verified executable"
Bug Bounty Tools Collection.pdf,15,nikto,https://github.com/sullo/nikto),"PDF mention, not verified executable"
Bug Bounty Tools Collection.pdf,15,arachni,https://github.com/Arachni/arachni),"PDF mention, not verified executable"
Bug Bounty Tools Collection.pdf,15,jaeles,https://github.com/jaeles-project/jaeles),"PDF mention, not verified executable"
Bug Bounty Tools Collection.pdf,15,retire.js,https://github.com/RetireJS/retire.js),"PDF mention, not verified executable"
Bug Bounty Tools Collection.pdf,15,Osmedeus,https://github.com/j3ssie/Osmedeus),"PDF mention, not verified executable"
Bug Bounty Tools Collection.pdf,15,getsploit,https://github.com/vulnersCom/getsploit),"PDF mention, not verified executable"
Bug Bounty Tools Collection.pdf,15,flan,https://github.com/cloudflare/flan),"PDF mention, not verified executable"
Bug Bounty Tools Collection.pdf,15,Findsploit,https://github.com/1N3/Findsploit),"PDF mention, not verified executable"
Bug Bounty Tools Collection.pdf,16,BlackWidow,https://github.com/1N3/BlackWidow),"PDF mention, not verified executable"
Bug Bounty Tools Collection.pdf,16,backslash-powered-scanner,https://github.com/PortSwigger/backslash-powered-scanner),"PDF mention, not verified executable"
Bug Bounty Tools Collection.pdf,16,Eagle,https://github.com/BitTheByte/Eagle),"PDF mention, not verified executable"
Bug Bounty Tools Collection.pdf,16,cariddi,https://github.com/edoardottt/cariddi),"PDF mention, not verified executable"
Bug Bounty Tools Collection.pdf,16,zaproxy,https://github.com/zaproxy/zaproxy),"PDF mention, not verified executable"
Bug Bounty Tools Collection.pdf,16,JSONBee,https://github.com/zigoo0/JSONBee),"PDF mention, not verified executable"
Bug Bounty Tools Collection.pdf,16,CyberChef,https://github.com/gchq/CyberChef),"PDF mention, not verified executable"
Bug Bounty Tools Collection.pdf,16,bountyplz,https://github.com/fransr/bountyplz),"PDF mention, not verified executable"
Bug Bounty Tools Collection.pdf,16,PayloadsAllTheThings,https://github.com/swisskyrepo/PayloadsAllTheThings),"PDF mention, not verified executable"
Bug Bounty Tools Collection.pdf,16,bounty-targets-data,https://github.com/arkadiyt/bounty-targets-data),"PDF mention, not verified executable"
Bug Bounty Tools Collection.pdf,16,android-security-awesome,https://github.com/ashishb/android-security-awesome),"PDF mention, not verified executable"
Bug Bounty Tools Collection.pdf,16,awesome-mobile-security,https://github.com/vaib25vicky/awesome-mobile-security),"PDF mention, not verified executable"
Bug Bounty Tools Collection.pdf,16,awesome-vulnerable-apps,https://github.com/vavkamil/awesome-vulnerable-apps),"PDF mention, not verified executable"
Bug Bounty Tools Collection.pdf,16,XFFenum,https://github.com/vavkamil/XFFenum),"PDF mention, not verified executable"
Bug Bounty Tools Collection.pdf,16,httpx,https://github.com/projectdiscovery/httpx),"PDF mention, not verified executable"
Red Team Guides.pdf,17,LinEnum,https://github.com/rebootuser/LinEnum,"PDF mention, not verified executable"
Red Team Guides.pdf,17,pspy,https://github.com/DominicBreuker/pspy,"PDF mention, not verified executable"
Red Team Guides.pdf,41,PowerTools,https://github.com/PowerShellEmpire/PowerTools/blob/master/PowerUp/PowerUp.ps1,"PDF mention, not verified executable"
Red Team Guides.pdf,51,BloodHound,https://github.com/BloodHoundAD/BloodHound/blob/master/Collectors/SharpHound.exe,"PDF mention, not verified executable"
Red Team Guides.pdf,51,PowerUpSQL,https://github.com/NetSPI/PowerUpSQL/blob/master/PowerUpSQL.ps1,"PDF mention, not verified executable"
Red Team Guides.pdf,51,Ghostpack-CompiledBinaries,https://github.com/r3motecontrol/Ghostpack-CompiledBinaries,"PDF mention, not verified executable"
Red Team Guides.pdf,52,PowerShell,https://github.com/sperner/PowerShell/blob/master/PortScan.ps1,"PDF mention, not verified executable"
Red Team Guides.pdf,69,DefaultCreds-cheat-sheet,https://github.com/ihebski/DefaultCreds-cheat-sheet,"PDF mention, not verified executable"
Red Team Guides.pdf,76,lxd-alpine-builder.git,https://github.com/saghul/lxd-alpine-builder.git,"PDF mention, not verified executable"
Red Team Guides.pdf,79,printspoofer,https://github.com/dievus/printspoofer,"PDF mention, not verified executable"
Red Team Guides.pdf,79,Capcom-Rootkit,https://github.com/FuzzySecurity/Capcom-Rootkit/blob/master/Driver/Capcom.sys,"PDF mention, not verified executable"
Red Team Guides.pdf,80,ExploitCapcom,https://github.com/tandasat/ExploitCapcom,"PDF mention, not verified executable"
Red Team Guides.pdf,80,PowerSploit,https://github.com/PowerShellMafia/PowerSploit/blob/master/Recon/PowerView.ps1,"PDF mention, not verified executable"
Red Team Guides.pdf,89,nishang,https://github.com/samratashok/nishang/blob/master/Shells/Invoke-PowerShellTcpOneLine.ps1,"PDF mention, not verified executable"
Red Team Guides.pdf,120,Web-Shells,https://github.com/TheBinitGhimire/Web-Shells,"PDF mention, not verified executable"
Red Team Guides.pdf,120,git-dumper,https://github.com/arthaud/git-dumper,"PDF mention, not verified executable"
Red Team Guides.pdf,120,GitTools,https://github.com/internetwache/GitTools,"PDF mention, not verified executable"
Red Team Guides.pdf,139,GhidraGBA,https://github.com/SiD3W4y/GhidraGBA,"PDF mention, not verified executable"
Red Team Guides.pdf,141,Debcrypt.git,https://github.com/BREAKTEAM/Debcrypt.git,"PDF mention, not verified executable"
Red Team Guides.pdf,167,MQTTInspector,https://github.com/dustinbrunton/MQTTInspector,"PDF mention, not verified executable"
Red Team Guides.pdf,168,gattacker,https://github.com/securing/gattacker,"PDF mention, not verified executable"
Red Team Guides.pdf,171,EmbedOS,https://github.com/scriptingxss/EmbedOS,"PDF mention, not verified executable"
Red Team Guides.pdf,192,obsidian-osint-templates,https://github.com/WebBreacher/obsidian-osint-templates,"PDF mention, not verified executable"
Red Team Guides.pdf,193,osint,https://github.com/seintpl/osint,"PDF mention, not verified executable"
Red Team Guides.pdf,194,darkdump,https://github.com/josh0xA/darkdump,"PDF mention, not verified executable"
Red Team Guides.pdf,194,GitFive,https://github.com/mxrch/GitFive,"PDF mention, not verified executable"
Red Team Guides.pdf,194,Steam-OSINT-TOOL,https://github.com/matiash26/Steam-OSINT-TOOL,"PDF mention, not verified executable"
Red Team Guides.pdf,194,Masto,https://github.com/C3n7ral051nt4g3ncy/Masto,"PDF mention, not verified executable"
Red Team Guides.pdf,194,Telepathy,https://github.com/jordanwildon/Telepathy,"PDF mention, not verified executable"
Red Team Guides.pdf,194,emdofi,https://github.com/novitae/emdofi,"PDF mention, not verified executable"
Red Team Guides.pdf,194,scrcpy,https://github.com/Genymobile/scrcpy,"PDF mention, not verified executable"
Red Team Guides.pdf,194,sterraxcyl,https://github.com/novitae/sterraxcyl,"PDF mention, not verified executable"
Red Team Guides.pdf,194,telegram-nearby-map,https://github.com/tejado/telegram-nearby-map,"PDF mention, not verified executable"
Red Team Guides.pdf,194,holehe,https://github.com/megadose/holehe,"PDF mention, not verified executable"
Red Team Guides.pdf,194,GHunt,https://github.com/mxrch/GHunt,"PDF mention, not verified executable"
Red Team Guides.pdf,195,peepedIn,https://github.com/chm0dx/peepedIn,"PDF mention, not verified executable"
