pdf,page,tool
Blue Team Tools.pdf,1,masscan
Blue Team Tools.pdf,1,nmap
Blue Team Tools.pdf,1,nuclei
Blue Team Tools.pdf,2,autopsy
Blue Team Tools.pdf,2,file
Blue Team Tools.pdf,2,ghidra
Blue Team Tools.pdf,2,maltego
Blue Team Tools.pdf,2,testdisk
Blue Team Tools.pdf,3,file
Blue Team Tools.pdf,3,nmap
Blue Team Tools.pdf,3,strings
Blue Team Tools.pdf,4,file
Blue Team Tools.pdf,4,nmap
Blue Team Tools.pdf,4,nuclei
Blue Team Tools.pdf,5,masscan
Blue Team Tools.pdf,5,nmap
Blue Team Tools.pdf,5,nuclei
Blue Team Tools.pdf,9,file
Blue Team Tools.pdf,11,file
Blue Team Tools.pdf,12,file
Blue Team Tools.pdf,13,file
Blue Team Tools.pdf,14,curl
Blue Team Tools.pdf,15,file
Blue Team Tools.pdf,17,file
Blue Team Tools.pdf,17,strings
Blue Team Tools.pdf,18,file
Blue Team Tools.pdf,18,maltego
Blue Team Tools.pdf,19,maltego
Blue Team Tools.pdf,22,file
Blue Team Tools.pdf,23,ghidra
Blue Team Tools.pdf,24,file
Blue Team Tools.pdf,25,file
Blue Team Tools.pdf,25,testdisk
Blue Team Tools.pdf,26,autopsy
Blue Team Tools.pdf,26,file
Blue Team Tools.pdf,26,sleuthkit
Blue Team Tools.pdf,27,autopsy
Blue Team Tools.pdf,27,sleuthkit
Bug Bounty Playbook V2v.pdf,4,file
Bug Bounty Playbook V2v.pdf,6,postman
Bug Bounty Playbook V2v.pdf,18,searchsploit
Bug Bounty Playbook V2v.pdf,21,exploit-db
Bug Bounty Playbook V2v.pdf,24,wpscan
Bug Bounty Playbook V2v.pdf,30,exploit-db
Bug Bounty Playbook V2v.pdf,31,exploit-db
Bug Bounty Playbook V2v.pdf,33,file
Bug Bounty Playbook V2v.pdf,41,file
Bug Bounty Playbook V2v.pdf,58,file
Bug Bounty Playbook V2v.pdf,60,hydra
Bug Bounty Playbook V2v.pdf,83,sqlmap
Bug Bounty Playbook V2v.pdf,84,sqlmap
Bug Bounty Playbook V2v.pdf,108,file
Bug Bounty Playbook V2v.pdf,121,file
Bug Bounty Playbook V2v.pdf,123,file
Bug Bounty Playbook V2v.pdf,124,file
Bug Bounty Playbook V2v.pdf,125,file
Bug Bounty Playbook V2v.pdf,126,file
Bug Bounty Playbook V2v.pdf,127,file
Bug Bounty Playbook V2v.pdf,128,file
Bug Bounty Playbook V2v.pdf,138,strings
Bug Bounty Playbook V2v.pdf,142,file
Bug Bounty Playbook V2v.pdf,154,john
Bug Bounty Playbook V2v.pdf,178,file
Bug Bounty Playbook V2v.pdf,179,postman
Bug Bounty Playbook V2v.pdf,180,file
Bug Bounty Playbook V2v.pdf,180,postman
Bug Bounty Playbook V2v.pdf,181,postman
Bug Bounty Playbook V2v.pdf,182,file
Bug Bounty Playbook V2v.pdf,183,file
Bug Bounty Playbook V2v.pdf,185,file
Bug Bounty Playbook V2v.pdf,185,postman
Bug Bounty Playbook V2v.pdf,194,file
Bug Bounty Playbook V2v.pdf,205,file
Bug Bounty Playbook V2v.pdf,209,file
Bug Bounty Playbook V2v.pdf,224,curl
Bug Bounty Playbook V2v.pdf,233,file
Bug Bounty Playbook V2v.pdf,234,file
Bug Bounty Playbook V2v.pdf,235,file
Bug Bounty Playbook V2v.pdf,236,file
Bug Bounty Playbook V2v.pdf,238,file
Bug Bounty Playbook V2v.pdf,246,file
Bug Bounty Playbook V2v.pdf,247,file
Bug Bounty Playbook V2v.pdf,248,file
Bug Bounty Playbook v1.pdf,6,amass
Bug Bounty Playbook v1.pdf,7,amass
Bug Bounty Playbook v1.pdf,7,gobuster
Bug Bounty Playbook v1.pdf,8,masscan
Bug Bounty Playbook v1.pdf,8,nmap
Bug Bounty Playbook v1.pdf,11,file
Bug Bounty Playbook v1.pdf,59,file
Bug Bounty Playbook v1.pdf,75,amass
Bug Bounty Playbook v1.pdf,76,amass
Bug Bounty Playbook v1.pdf,77,amass
Bug Bounty Playbook v1.pdf,78,amass
Bug Bounty Playbook v1.pdf,79,amass
Bug Bounty Playbook v1.pdf,81,file
Bug Bounty Playbook v1.pdf,92,gobuster
Bug Bounty Playbook v1.pdf,93,gobuster
Bug Bounty Playbook v1.pdf,95,amass
Bug Bounty Playbook v1.pdf,96,amass
Bug Bounty Playbook v1.pdf,97,amass
Bug Bounty Playbook v1.pdf,97,gobuster
Bug Bounty Playbook v1.pdf,105,file
Bug Bounty Playbook v1.pdf,105,gobuster
Bug Bounty Playbook v1.pdf,106,gobuster
Bug Bounty Playbook v1.pdf,107,file
Bug Bounty Playbook v1.pdf,108,file
Bug Bounty Playbook v1.pdf,108,strings
Bug Bounty Playbook v1.pdf,109,exploit-db
Bug Bounty Playbook v1.pdf,110,exploit-db
Bug Bounty Playbook v1.pdf,114,file
Bug Bounty Playbook v1.pdf,115,exploit-db
Bug Bounty Playbook v1.pdf,123,file
Bug Bounty Playbook v1.pdf,123,masscan
Bug Bounty Playbook v1.pdf,123,nmap
Bug Bounty Playbook v1.pdf,124,masscan
Bug Bounty Playbook v1.pdf,125,masscan
Bug Bounty Playbook v1.pdf,125,nmap
Bug Bounty Playbook v1.pdf,127,wafw00f
Bug Bounty Playbook v1.pdf,128,wafw00f
Bug Bounty Playbook v1.pdf,129,masscan
Bug Bounty Playbook v1.pdf,129,nmap
Bug Bounty Playbook v1.pdf,136,file
Bug Bounty Playbook v1.pdf,143,file
Bug Bounty Playbook v1.pdf,144,file
Bug Bounty Playbook v1.pdf,159,curl
Bug Bounty Playbook v1.pdf,161,file
Bug Bounty Playbook v1.pdf,162,file
Bug Bounty Playbook v1.pdf,164,file
Bug Bounty Playbook v1.pdf,167,wpscan
Bug Bounty Playbook v1.pdf,171,exploit-db
Bug Bounty Playbook v1.pdf,172,exploit-db
Bug Bounty Playbook v1.pdf,173,exploit-db
Bug Bounty Playbook v1.pdf,176,file
Bug Bounty Playbook v1.pdf,177,file
Bug Bounty Playbook v1.pdf,178,file
Bug Bounty Playbook v1.pdf,183,file
Bug Bounty Playbook v1.pdf,184,file
Bug Bounty Playbook v1.pdf,185,file
Bug Bounty Playbook v1.pdf,199,sqlmap
Bug Bounty Playbook v1.pdf,200,sqlmap
Bug Bounty Tools Collection.pdf,1,file
Bug Bounty Tools Collection.pdf,2,amass
Bug Bounty Tools Collection.pdf,3,masscan
Bug Bounty Tools Collection.pdf,3,nmap
Bug Bounty Tools Collection.pdf,3,rustscan
Bug Bounty Tools Collection.pdf,3,subfinder
Bug Bounty Tools Collection.pdf,4,dirsearch
Bug Bounty Tools Collection.pdf,4,feroxbuster
Bug Bounty Tools Collection.pdf,4,file
Bug Bounty Tools Collection.pdf,4,gobuster
Bug Bounty Tools Collection.pdf,4,httpx
Bug Bounty Tools Collection.pdf,5,arjun
Bug Bounty Tools Collection.pdf,5,dirb
Bug Bounty Tools Collection.pdf,5,ffuf
Bug Bounty Tools Collection.pdf,5,gau
Bug Bounty Tools Collection.pdf,5,hakrawler
Bug Bounty Tools Collection.pdf,5,paramspider
Bug Bounty Tools Collection.pdf,5,waybackurls
Bug Bounty Tools Collection.pdf,5,wfuzz
Bug Bounty Tools Collection.pdf,5,x8
Bug Bounty Tools Collection.pdf,6,api_fuzzer
Bug Bounty Tools Collection.pdf,6,burpsuite
Bug Bounty Tools Collection.pdf,6,file
Bug Bounty Tools Collection.pdf,6,strings
Bug Bounty Tools Collection.pdf,7,burpsuite
Bug Bounty Tools Collection.pdf,7,dotdotpwn
Bug Bounty Tools Collection.pdf,7,file
Bug Bounty Tools Collection.pdf,9,burpsuite
Bug Bounty Tools Collection.pdf,9,sqlmap
Bug Bounty Tools Collection.pdf,10,dalfox
Bug Bounty Tools Collection.pdf,10,xsser
Bug Bounty Tools Collection.pdf,11,burpsuite
Bug Bounty Tools Collection.pdf,12,hydra
Bug Bounty Tools Collection.pdf,12,patator
Bug Bounty Tools Collection.pdf,12,strings
Bug Bounty Tools Collection.pdf,14,wpscan
Bug Bounty Tools Collection.pdf,15,jaeles
Bug Bounty Tools Collection.pdf,15,metasploit
Bug Bounty Tools Collection.pdf,15,nikto
Bug Bounty Tools Collection.pdf,15,nuclei
Bug Bounty Tools Collection.pdf,16,file
Bug Bounty Tools Collection.pdf,16,httpx
Bug Bounty Tools Collection.pdf,16,zap
Red Team Guides.pdf,3,file
Red Team Guides.pdf,5,curl
Red Team Guides.pdf,5,file
Red Team Guides.pdf,5,john
Red Team Guides.pdf,6,file
Red Team Guides.pdf,7,file
Red Team Guides.pdf,8,file
Red Team Guides.pdf,9,file
Red Team Guides.pdf,9,wireshark
Red Team Guides.pdf,12,file
Red Team Guides.pdf,13,file
Red Team Guides.pdf,14,file
Red Team Guides.pdf,15,file
Red Team Guides.pdf,15,tcpdump
Red Team Guides.pdf,16,tcpdump
Red Team Guides.pdf,18,file
Red Team Guides.pdf,19,file
Red Team Guides.pdf,19,tcpdump
Red Team Guides.pdf,20,file
Red Team Guides.pdf,21,file
Red Team Guides.pdf,25,file
Red Team Guides.pdf,26,file
Red Team Guides.pdf,27,file
Red Team Guides.pdf,28,file
Red Team Guides.pdf,29,file
Red Team Guides.pdf,30,file
Red Team Guides.pdf,31,file
Red Team Guides.pdf,33,file
Red Team Guides.pdf,36,file
Red Team Guides.pdf,37,file
Red Team Guides.pdf,38,file
Red Team Guides.pdf,38,metasploit
Red Team Guides.pdf,38,msfvenom
Red Team Guides.pdf,39,msfvenom
Red Team Guides.pdf,46,file
Red Team Guides.pdf,47,file
Red Team Guides.pdf,48,file
Red Team Guides.pdf,50,medusa
Red Team Guides.pdf,50,metasploit
Red Team Guides.pdf,50,rpcclient
Red Team Guides.pdf,51,file
Red Team Guides.pdf,51,nmap
Red Team Guides.pdf,56,nikto
Red Team Guides.pdf,57,file
Red Team Guides.pdf,59,file
Red Team Guides.pdf,59,responder
Red Team Guides.pdf,59,tcpdump
Red Team Guides.pdf,60,file
Red Team Guides.pdf,60,nmap
Red Team Guides.pdf,61,evil-winrm
Red Team Guides.pdf,61,hydra
Red Team Guides.pdf,63,file
Red Team Guides.pdf,63,nmap
Red Team Guides.pdf,64,curl
Red Team Guides.pdf,64,dirb
Red Team Guides.pdf,64,hydra
Red Team Guides.pdf,64,nmap
Red Team Guides.pdf,65,curl
Red Team Guides.pdf,65,hydra
Red Team Guides.pdf,65,nmap
Red Team Guides.pdf,66,hydra
Red Team Guides.pdf,66,nmap
Red Team Guides.pdf,67,hydra
Red Team Guides.pdf,67,nmap
Red Team Guides.pdf,67,sqlmap
Red Team Guides.pdf,68,nmap
Red Team Guides.pdf,69,file
Red Team Guides.pdf,70,file
Red Team Guides.pdf,70,tcpdump
Red Team Guides.pdf,70,xxd
Red Team Guides.pdf,72,file
Red Team Guides.pdf,75,nmap
Red Team Guides.pdf,76,curl
Red Team Guides.pdf,77,file
Red Team Guides.pdf,80,msfvenom
Red Team Guides.pdf,83,file
Red Team Guides.pdf,83,metasploit
Red Team Guides.pdf,83,volatility
Red Team Guides.pdf,84,nmap
Red Team Guides.pdf,86,file
Red Team Guides.pdf,87,file
Red Team Guides.pdf,90,file
Red Team Guides.pdf,92,file
Red Team Guides.pdf,92,nmap
Red Team Guides.pdf,93,nmap
Red Team Guides.pdf,94,wireshark
Red Team Guides.pdf,95,file
Red Team Guides.pdf,96,file
Red Team Guides.pdf,97,file
Red Team Guides.pdf,98,file
Red Team Guides.pdf,98,nmap
Red Team Guides.pdf,99,file
Red Team Guides.pdf,99,metasploit
Red Team Guides.pdf,99,searchsploit
Red Team Guides.pdf,100,sqlmap
Red Team Guides.pdf,101,file
Red Team Guides.pdf,101,sqlmap
Red Team Guides.pdf,102,metasploit
Red Team Guides.pdf,102,msfvenom
Red Team Guides.pdf,102,nmap
Red Team Guides.pdf,103,file
Red Team Guides.pdf,104,file
Red Team Guides.pdf,104,nmap
Red Team Guides.pdf,105,file
Red Team Guides.pdf,107,file
Red Team Guides.pdf,107,hashcat
Red Team Guides.pdf,107,hydra
Red Team Guides.pdf,107,john
Red Team Guides.pdf,108,john
Red Team Guides.pdf,109,file
Red Team Guides.pdf,110,file
Red Team Guides.pdf,116,curl
Red Team Guides.pdf,116,file
Red Team Guides.pdf,117,file
Red Team Guides.pdf,117,nmap
Red Team Guides.pdf,117,wireshark
Red Team Guides.pdf,118,file
Red Team Guides.pdf,118,nmap
Red Team Guides.pdf,118,wfuzz
Red Team Guides.pdf,119,ffuf
Red Team Guides.pdf,119,gobuster
Red Team Guides.pdf,119,wfuzz
Red Team Guides.pdf,120,paramspider
Red Team Guides.pdf,121,file
Red Team Guides.pdf,124,file
Red Team Guides.pdf,126,file
Red Team Guides.pdf,127,file
Red Team Guides.pdf,133,file
Red Team Guides.pdf,134,file
Red Team Guides.pdf,136,kismet
Red Team Guides.pdf,137,kismet
Red Team Guides.pdf,138,airmon-ng
Red Team Guides.pdf,139,aircrack-ng
Red Team Guides.pdf,139,aireplay-ng
Red Team Guides.pdf,139,file
Red Team Guides.pdf,140,file
Red Team Guides.pdf,141,file
Red Team Guides.pdf,142,file
Red Team Guides.pdf,143,binwalk
Red Team Guides.pdf,143,file
Red Team Guides.pdf,143,steghide
Red Team Guides.pdf,143,stegsolve
Red Team Guides.pdf,143,strings
Red Team Guides.pdf,144,hydra
Red Team Guides.pdf,144,medusa
Red Team Guides.pdf,145,file
Red Team Guides.pdf,146,cloudmapper
Red Team Guides.pdf,147,nmap
Red Team Guides.pdf,152,file
Red Team Guides.pdf,159,nmap
Red Team Guides.pdf,160,file
Red Team Guides.pdf,160,hydra
Red Team Guides.pdf,160,nmap
Red Team Guides.pdf,161,hydra
Red Team Guides.pdf,161,masscan
Red Team Guides.pdf,161,medusa
Red Team Guides.pdf,162,nmap
Red Team Guides.pdf,163,hydra
Red Team Guides.pdf,163,nmap
Red Team Guides.pdf,166,dirb
Red Team Guides.pdf,166,nmap
Red Team Guides.pdf,167,curl
Red Team Guides.pdf,167,file
Red Team Guides.pdf,167,nikto
Red Team Guides.pdf,167,wireshark
Red Team Guides.pdf,168,hydra
Red Team Guides.pdf,168,wireshark
Red Team Guides.pdf,169,curl
Red Team Guides.pdf,169,file
Red Team Guides.pdf,169,hydra
Red Team Guides.pdf,169,medusa
Red Team Guides.pdf,170,file
Red Team Guides.pdf,170,metasploit
Red Team Guides.pdf,170,tcpdump
Red Team Guides.pdf,170,wireshark
Red Team Guides.pdf,171,binwalk
Red Team Guides.pdf,171,file
Red Team Guides.pdf,171,hydra
Red Team Guides.pdf,171,strings
Red Team Guides.pdf,172,gdb
Red Team Guides.pdf,173,gdb
Red Team Guides.pdf,176,binwalk
Red Team Guides.pdf,176,gdb
Red Team Guides.pdf,176,ghidra
Red Team Guides.pdf,176,wireshark
Red Team Guides.pdf,177,aircrack-ng
Red Team Guides.pdf,178,ghidra
Red Team Guides.pdf,194,maltego
Red Team Guides.pdf,194,sherlock
Red Team Guides.pdf,196,spiderfoot
Red Team Guides.pdf,196,theharvester
Red Teaming Toolkit-1.pdf,2,amass
Red Teaming Toolkit-1.pdf,2,recon-ng
Red Teaming Toolkit-1.pdf,2,rustscan
Red Teaming Toolkit-1.pdf,3,spiderfoot
Red Teaming Toolkit-1.pdf,10,file
Red Teaming Toolkit-1.pdf,11,file
Red Teaming Toolkit-1.pdf,13,file
Red Teaming Toolkit-1.pdf,15,file
Red Teaming Toolkit-1.pdf,17,file
Red Teaming Toolkit-1.pdf,18,file
Red Teaming Toolkit-1.pdf,20,responder
Red Teaming Toolkit-1.pdf,24,cloudmapper
Red Teaming Toolkit-1.pdf,24,pacu
Red Teaming Toolkit-1.pdf,26,file
