id,evidence,http_route,status,rust_implemented,replacement,execution
aircrack-ng,hexstrike_server.py:9087,,declared_only,False,retain candidate; validate version/schema/license,disabled
aireplay-ng,hexstrike_server.py:9087,,declared_only,False,retain candidate; validate version/schema/license,disabled
airmon-ng,hexstrike_server.py:9087,,declared_only,False,retain candidate; validate version/schema/license,disabled
airodump-ng,hexstrike_server.py:9087,,declared_only,False,retain candidate; validate version/schema/license,disabled
amass,hexstrike_server.py:11329|hexstrike_server.py:9068,/api/tools/amass,planned_adapter,False,retain candidate; validate version/schema/license,disabled
anew,hexstrike_server.py:13186|hexstrike_server.py:9078,/api/tools/anew,planned_adapter,False,retain candidate; validate version/schema/license,disabled
angr,hexstrike_server.py:12499|hexstrike_server.py:9052,/api/tools/angr,planned_adapter,False,retain candidate; validate version/schema/license,disabled
api-schema-analyzer,hexstrike_server.py:9078,,declared_only,False,retain candidate; validate version/schema/license,disabled
api_fuzzer,hexstrike_server.py:14842,/api/tools/api_fuzzer,planned_adapter,False,retain candidate; validate version/schema/license,disabled
api_schema_analyzer,hexstrike_server.py:15124,/api/tools/api_schema_analyzer,planned_adapter,False,retain candidate; validate version/schema/license,disabled
arjun,hexstrike_server.py:12948|hexstrike_server.py:9038,/api/tools/arjun,planned_adapter,False,retain candidate; validate version/schema/license,disabled
arp-scan,hexstrike_server.py:11791|hexstrike_server.py:9032,/api/tools/arp-scan,planned_adapter,False,retain candidate; validate version/schema/license,disabled
autopsy,hexstrike_server.py:9086,,declared_only,False,retain candidate; validate version/schema/license,disabled
autorecon,hexstrike_server.py:11624|hexstrike_server.py:9032,/api/tools/autorecon,planned_adapter,False,retain candidate; validate version/schema/license,disabled
binwalk,hexstrike_server.py:12053|hexstrike_server.py:9051,/api/tools/binwalk,planned_adapter,False,retain candidate; validate version/schema/license,disabled
browser-agent,hexstrike_server.py:14136,/api/tools/browser-agent,planned_adapter,False,retain candidate; validate version/schema/license,disabled
bulk-extractor,hexstrike_server.py:9058,,declared_only,False,retain candidate; validate version/schema/license,disabled
burpsuite,hexstrike_server.py:9039,,declared_only,False,retain candidate; validate version/schema/license,disabled
burpsuite-alternative,hexstrike_server.py:14225,/api/tools/burpsuite-alternative,planned_adapter,False,retain candidate; validate version/schema/license,disabled
censys-cli,hexstrike_server.py:9070,,declared_only,False,retain candidate; validate version/schema/license,disabled
checkov,hexstrike_server.py:10887|hexstrike_server.py:9064,/api/tools/checkov,planned_adapter,False,retain candidate; validate version/schema/license,disabled
checksec,hexstrike_server.py:12121|hexstrike_server.py:9051,/api/tools/checksec,planned_adapter,False,retain candidate; validate version/schema/license,disabled
clair,hexstrike_server.py:10820|hexstrike_server.py:9064,/api/tools/clair,planned_adapter,False,retain candidate; validate version/schema/license,disabled
cloudmapper,hexstrike_server.py:10622,/api/tools/cloudmapper,planned_adapter,False,retain candidate; validate version/schema/license,disabled
curl,hexstrike_server.py:9078,,declared_only,False,retain candidate; validate version/schema/license,disabled
dalfox,hexstrike_server.py:13091|hexstrike_server.py:9038,/api/tools/dalfox,planned_adapter,False,retain candidate; validate version/schema/license,disabled
dirb,hexstrike_server.py:10958|hexstrike_server.py:9028,/api/tools/dirb,planned_adapter,False,feroxbuster (functional tests required),disabled
dirsearch,hexstrike_server.py:12808|hexstrike_server.py:9037,/api/tools/dirsearch,planned_adapter,False,retain candidate; validate version/schema/license,disabled
dnsenum,hexstrike_server.py:14431|hexstrike_server.py:9068,/api/tools/dnsenum,planned_adapter,False,retain candidate; validate version/schema/license,disabled
docker-bench-security,hexstrike_server.py:10787|hexstrike_server.py:9064,/api/tools/docker-bench-security,planned_adapter,False,retain candidate; validate version/schema/license,disabled
dotdotpwn,hexstrike_server.py:12709|hexstrike_server.py:9037,/api/tools/dotdotpwn,planned_adapter,False,retain candidate; validate version/schema/license,disabled
enum4linux,hexstrike_server.py:11214|hexstrike_server.py:9033,/api/tools/enum4linux,planned_adapter,False,enum4linux-ng,disabled
enum4linux-ng,hexstrike_server.py:11660|hexstrike_server.py:9033,/api/tools/enum4linux-ng,planned_adapter,False,retain candidate; validate version/schema/license,disabled
evil-winrm,hexstrike_server.py:9086,,declared_only,False,retain candidate; validate version/schema/license,disabled
exiftool,hexstrike_server.py:15365|hexstrike_server.py:9057,/api/tools/exiftool,planned_adapter,False,retain candidate; validate version/schema/license,disabled
exploit-db,hexstrike_server.py:9074,,declared_only,False,retain candidate; validate version/schema/license,disabled
falco,hexstrike_server.py:10854|hexstrike_server.py:9064,/api/tools/falco,planned_adapter,False,retain candidate; validate version/schema/license,disabled
feroxbuster,hexstrike_server.py:12678|hexstrike_server.py:9037,/api/tools/feroxbuster,planned_adapter,False,retain candidate; validate version/schema/license,disabled
ffuf,hexstrike_server.py:11240|hexstrike_server.py:9037,/api/tools/ffuf,planned_adapter,False,retain candidate; validate version/schema/license,disabled
fierce,hexstrike_server.py:14398|hexstrike_server.py:9068,/api/tools/fierce,planned_adapter,False,retain candidate; validate version/schema/license,disabled
file,hexstrike_server.py:9058,,declared_only,False,retain candidate; validate version/schema/license,disabled
foremost,hexstrike_server.py:15276|hexstrike_server.py:9057,/api/tools/foremost,planned_adapter,False,retain candidate; validate version/schema/license,disabled
gau,hexstrike_server.py:12878|hexstrike_server.py:9038,/api/tools/gau,planned_adapter,False,retain candidate; validate version/schema/license,disabled
gdb,hexstrike_server.py:11961|hexstrike_server.py:9051,/api/tools/gdb,planned_adapter,False,retain candidate; validate version/schema/license,disabled
gdb-peda,hexstrike_server.py:12437,/api/tools/gdb-peda,planned_adapter,False,retain candidate; validate version/schema/license,disabled
ghidra,hexstrike_server.py:12255|hexstrike_server.py:9052,/api/tools/ghidra,planned_adapter,False,retain candidate; validate version/schema/license,disabled
gobuster,hexstrike_server.py:10378|hexstrike_server.py:9028,/api/tools/gobuster,planned_adapter,False,retain candidate; validate version/schema/license,disabled
graphql-scanner,hexstrike_server.py:9043|hexstrike_server.py:9088,,declared_only,False,retain candidate; validate version/schema/license,disabled
graphql_scanner,hexstrike_server.py:14899,/api/tools/graphql_scanner,planned_adapter,False,retain candidate; validate version/schema/license,disabled
hakrawler,hexstrike_server.py:15440|hexstrike_server.py:9039,/api/tools/hakrawler,planned_adapter,False,retain candidate; validate version/schema/license,disabled
hash-identifier,hexstrike_server.py:9047,,declared_only,False,retain candidate; validate version/schema/license,disabled
hashcat,hexstrike_server.py:11364|hexstrike_server.py:9028,/api/tools/hashcat,planned_adapter,False,retain candidate; validate version/schema/license,disabled
hashcat-utils,hexstrike_server.py:9047,,declared_only,False,retain candidate; validate version/schema/license,disabled
hashpump,hexstrike_server.py:15404|hexstrike_server.py:9057,/api/tools/hashpump,planned_adapter,False,retain candidate; validate version/schema/license,disabled
have-i-been-pwned,hexstrike_server.py:9070,,declared_only,False,retain candidate; validate version/schema/license,disabled
http-framework,hexstrike_server.py:14040,/api/tools/http-framework,planned_adapter,False,retain candidate; validate version/schema/license,disabled
httpie,hexstrike_server.py:9078,,declared_only,False,retain candidate; validate version/schema/license,disabled
httpx,hexstrike_server.py:13136|hexstrike_server.py:9039,/api/tools/httpx,planned_adapter,False,retain candidate; validate version/schema/license,disabled
hydra,hexstrike_server.py:11094|hexstrike_server.py:9028,/api/tools/hydra,planned_adapter,False,keep; evaluate legba per protocol,disabled
insomnia,hexstrike_server.py:9078,,declared_only,False,retain candidate; validate version/schema/license,disabled
jaeles,hexstrike_server.py:13056|hexstrike_server.py:9038,/api/tools/jaeles,planned_adapter,False,retain candidate; validate version/schema/license,disabled
john,hexstrike_server.py:11146|hexstrike_server.py:9028,/api/tools/john,planned_adapter,False,keep; hashcat complementary,disabled
jwt-analyzer,hexstrike_server.py:9043|hexstrike_server.py:9088,,declared_only,False,retain candidate; validate version/schema/license,disabled
jwt_analyzer,hexstrike_server.py:15006,/api/tools/jwt_analyzer,planned_adapter,False,retain candidate; validate version/schema/license,disabled
katana,hexstrike_server.py:12840|hexstrike_server.py:9039,/api/tools/katana,planned_adapter,False,retain candidate; validate version/schema/license,disabled
kismet,hexstrike_server.py:9082,,declared_only,False,retain candidate; validate version/schema/license,disabled
kube-bench,hexstrike_server.py:10751|hexstrike_server.py:9063,/api/tools/kube-bench,planned_adapter,False,retain candidate; validate version/schema/license,disabled
kube-hunter,hexstrike_server.py:10707|hexstrike_server.py:9063,/api/tools/kube-hunter,planned_adapter,False,retain candidate; validate version/schema/license,disabled
libc-database,hexstrike_server.py:12396|hexstrike_server.py:9052,/api/tools/libc-database,planned_adapter,False,retain candidate; validate version/schema/license,disabled
maltego,hexstrike_server.py:9069,,declared_only,False,retain candidate; validate version/schema/license,disabled
masscan,hexstrike_server.py:11526|hexstrike_server.py:9032,/api/tools/masscan,planned_adapter,False,retain candidate; validate version/schema/license,disabled
medusa,hexstrike_server.py:9047,,declared_only,False,retain candidate; validate version/schema/license,disabled
metasploit,hexstrike_server.py:11050|hexstrike_server.py:9074|hexstrike_server.py:9088,/api/tools/metasploit,planned_adapter,False,retain candidate; validate version/schema/license,disabled
msfvenom,hexstrike_server.py:11912|hexstrike_server.py:9088,/api/tools/msfvenom,planned_adapter,False,retain candidate; validate version/schema/license,disabled
nbtscan,hexstrike_server.py:11759|hexstrike_server.py:9032,/api/tools/nbtscan,planned_adapter,False,retain candidate; validate version/schema/license,disabled
netexec,hexstrike_server.py:11283|hexstrike_server.py:9033,/api/tools/netexec,planned_adapter,False,retain candidate; validate version/schema/license,disabled
nikto,hexstrike_server.py:10988|hexstrike_server.py:9028,/api/tools/nikto,planned_adapter,False,keep; nuclei complementary,disabled
nmap,hexstrike_server.py:10328|hexstrike_server.py:9028,/api/tools/nmap,planned_adapter,False,retain candidate; validate version/schema/license,disabled
nmap-advanced,hexstrike_server.py:11569,/api/tools/nmap-advanced,planned_adapter,False,retain candidate; validate version/schema/license,disabled
nuclei,hexstrike_server.py:10430|hexstrike_server.py:9043,/api/tools/nuclei,planned_adapter,False,retain candidate; validate version/schema/license,disabled
objdump,hexstrike_server.py:12214|hexstrike_server.py:9051,/api/tools/objdump,planned_adapter,False,retain candidate; validate version/schema/license,disabled
one-gadget,hexstrike_server.py:12370|hexstrike_server.py:9052,/api/tools/one-gadget,planned_adapter,False,retain candidate; validate version/schema/license,disabled
ophcrack,hexstrike_server.py:9047,,declared_only,False,retain candidate; validate version/schema/license,disabled
outguess,hexstrike_server.py:9059,,declared_only,False,retain candidate; validate version/schema/license,disabled
pacu,hexstrike_server.py:10655,/api/tools/pacu,planned_adapter,False,retain candidate; validate version/schema/license,disabled
paramspider,hexstrike_server.py:12987|hexstrike_server.py:9038|hexstrike_server.py:9087,/api/tools/paramspider,planned_adapter,False,retain candidate; validate version/schema/license,disabled
patator,hexstrike_server.py:9047,,declared_only,False,retain candidate; validate version/schema/license,disabled
photorec,hexstrike_server.py:9058,,declared_only,False,retain candidate; validate version/schema/license,disabled
postman,hexstrike_server.py:9078,,declared_only,False,retain candidate; validate version/schema/license,disabled
prowler,hexstrike_server.py:10490|hexstrike_server.py:9063,/api/tools/prowler,planned_adapter,False,retain candidate; validate version/schema/license,disabled
pwninit,hexstrike_server.py:12637|hexstrike_server.py:9053,/api/tools/pwninit,planned_adapter,False,retain candidate; validate version/schema/license,disabled
pwntools,hexstrike_server.py:12295|hexstrike_server.py:9052,/api/tools/pwntools,planned_adapter,False,retain candidate; validate version/schema/license,disabled
qsreplace,hexstrike_server.py:13215|hexstrike_server.py:9078,/api/tools/qsreplace,planned_adapter,False,retain candidate; validate version/schema/license,disabled
radare2,hexstrike_server.py:12010|hexstrike_server.py:9051,/api/tools/radare2,planned_adapter,False,keep; optional rizin/ghidra,disabled
recon-ng,hexstrike_server.py:9069,,declared_only,False,retain candidate; validate version/schema/license,disabled
responder,hexstrike_server.py:11828|hexstrike_server.py:9032,/api/tools/responder,planned_adapter,False,retain candidate; validate version/schema/license,disabled
ropgadget,hexstrike_server.py:12088|hexstrike_server.py:9051,/api/tools/ropgadget,planned_adapter,False,retain candidate; validate version/schema/license,disabled
ropper,hexstrike_server.py:12590|hexstrike_server.py:9052,/api/tools/ropper,planned_adapter,False,retain candidate; validate version/schema/license,disabled
rpcclient,hexstrike_server.py:11715|hexstrike_server.py:9033,/api/tools/rpcclient,planned_adapter,False,retain candidate; validate version/schema/license,disabled
rustscan,hexstrike_server.py:11490|hexstrike_server.py:9032,/api/tools/rustscan,planned_adapter,False,retain candidate; validate version/schema/license,disabled
scalpel,hexstrike_server.py:9058,,declared_only,False,retain candidate; validate version/schema/license,disabled
scout-suite,hexstrike_server.py:10582|hexstrike_server.py:9063,/api/tools/scout-suite,planned_adapter,False,retain candidate; validate version/schema/license,disabled
searchsploit,hexstrike_server.py:9074,,declared_only,False,retain candidate; validate version/schema/license,disabled
sherlock,hexstrike_server.py:9068,,declared_only,False,retain candidate; validate version/schema/license,disabled
shodan-cli,hexstrike_server.py:9069,,declared_only,False,retain candidate; validate version/schema/license,disabled
sleuthkit,hexstrike_server.py:9086,,declared_only,False,retain candidate; validate version/schema/license,disabled
smbmap,hexstrike_server.py:11445|hexstrike_server.py:9086,/api/tools/smbmap,planned_adapter,False,retain candidate; validate version/schema/license,disabled
social-analyzer,hexstrike_server.py:9069,,declared_only,False,retain candidate; validate version/schema/license,disabled
spiderfoot,hexstrike_server.py:9069,,declared_only,False,retain candidate; validate version/schema/license,disabled
sqlmap,hexstrike_server.py:11017|hexstrike_server.py:9028,/api/tools/sqlmap,planned_adapter,False,retain candidate; validate version/schema/license,disabled
steghide,hexstrike_server.py:15316|hexstrike_server.py:9057,/api/tools/steghide,planned_adapter,False,keep format-specific; zsteg/stegsolve complementary,disabled
stegsolve,hexstrike_server.py:9059,,declared_only,False,retain candidate; validate version/schema/license,disabled
strings,hexstrike_server.py:12182|hexstrike_server.py:9058,/api/tools/strings,planned_adapter,False,retain candidate; validate version/schema/license,disabled
subfinder,hexstrike_server.py:11408|hexstrike_server.py:9068,/api/tools/subfinder,planned_adapter,False,retain candidate; validate version/schema/license,disabled
tcpdump,hexstrike_server.py:9082,,declared_only,False,retain candidate; validate version/schema/license,disabled
terrascan,hexstrike_server.py:10924|hexstrike_server.py:9064,/api/tools/terrascan,planned_adapter,False,retain candidate; validate version/schema/license,disabled
testdisk,hexstrike_server.py:9058,,declared_only,False,retain candidate; validate version/schema/license,disabled
theharvester,hexstrike_server.py:9068,,declared_only,False,retain candidate; validate version/schema/license,disabled
trivy,hexstrike_server.py:10534|hexstrike_server.py:9063,/api/tools/trivy,planned_adapter,False,retain candidate; validate version/schema/license,disabled
tshark,hexstrike_server.py:9082,,declared_only,False,retain candidate; validate version/schema/license,disabled
uro,hexstrike_server.py:13241|hexstrike_server.py:9078,/api/tools/uro,planned_adapter,False,retain candidate; validate version/schema/license,disabled
volatility,hexstrike_server.py:11870|hexstrike_server.py:9086,/api/tools/volatility,planned_adapter,False,"volatility3, preserve old image support",disabled
volatility3,hexstrike_server.py:15236|hexstrike_server.py:9057|hexstrike_server.py:9057,/api/tools/volatility3,planned_adapter,False,retain candidate; validate version/schema/license,disabled
wafw00f,hexstrike_server.py:14369|hexstrike_server.py:9039,/api/tools/wafw00f,planned_adapter,False,retain candidate; validate version/schema/license,disabled
waybackurls,hexstrike_server.py:12915|hexstrike_server.py:9038,/api/tools/waybackurls,planned_adapter,False,retain candidate; validate version/schema/license,disabled
wfuzz,hexstrike_server.py:12774|hexstrike_server.py:9037,/api/tools/wfuzz,planned_adapter,False,keep or ffuf after parity tests,disabled
wireshark,hexstrike_server.py:9082,,declared_only,False,retain candidate; validate version/schema/license,disabled
wpscan,hexstrike_server.py:11185|hexstrike_server.py:9043,/api/tools/wpscan,planned_adapter,False,retain candidate; validate version/schema/license,disabled
x8,hexstrike_server.py:13021|hexstrike_server.py:9038,/api/tools/x8,planned_adapter,False,retain candidate; validate version/schema/license,disabled
xsser,hexstrike_server.py:12741|hexstrike_server.py:9037,/api/tools/xsser,planned_adapter,False,retain candidate; validate version/schema/license,disabled
xxd,hexstrike_server.py:12146|hexstrike_server.py:9058,/api/tools/xxd,planned_adapter,False,retain candidate; validate version/schema/license,disabled
zap,hexstrike_server.py:14319|hexstrike_server.py:9039,/api/tools/zap,planned_adapter,False,retain candidate; validate version/schema/license,disabled
zsteg,hexstrike_server.py:9059,,declared_only,False,retain candidate; validate version/schema/license,disabled
